#Scientific name	Protein	BioSample	Isolate	Contig	Hierarchy node ID	Start	Stop	Strand	Element symbol	Element name	Type	Scope	Subtype	Class	Subclass	Method	% Coverage of reference	% Identity to reference
Pseudomonas aeruginosa	WP_012613862.1	SAMN03316892	PDT000050773.2	NZ_JYGC02000001.1	gyrA	389150	391921	-	gyrA_T83I	Pseudomonas aeruginosa quinolone resistant GyrA	AMR	core	POINT	QUINOLONE	QUINOLONE	POINTP	100.0	99.89
Pseudomonas aeruginosa	WP_034010346.1	SAMN03316899	PDT000050775.2	NZ_JYGB02000001.1	gyrA	433259	436024	-	gyrA_T83I	Pseudomonas aeruginosa quinolone resistant GyrA	AMR	core	POINT	QUINOLONE	QUINOLONE	POINTP	100.0	99.02
Pseudomonas aeruginosa	EIU7147307.1	SAMN04096277	PDT000084304.3	ABEVIV010000001.1	gyrA	59221	61992	-	gyrA_D87G	Pseudomonas aeruginosa quinolone resistant GyrA	AMR	core	POINT	QUINOLONE	QUINOLONE	POINTP	100.0	99.78
Pseudomonas aeruginosa	EIU7086828.1	SAMN05374473	PDT000140731.2	ABEVIT010000003.1	parC	94182	96446	-	parC_S87W	Pseudomonas aeruginosa quinolone resistant ParC	AMR	core	POINT	QUINOLONE	QUINOLONE	POINTP	100.0	99.73
Pseudomonas aeruginosa	EIU7071058.1	SAMN05806170	PDT000150960.2	ABEVIN010000001.1	parC	190479	192743	-	parC_S87L	Pseudomonas aeruginosa quinolone resistant ParC	AMR	core	POINT	QUINOLONE	QUINOLONE	POINTP	100.0	99.87
Pseudomonas aeruginosa	WP_033948857.1	SAMN04014946	PDT000167136.1	NZ_MPBO01000001.1	gyrB	4275	6695	+	gyrB_E468D	Pseudomonas aeruginosa quinolone resistant GyrB	AMR	core	POINT	QUINOLONE	QUINOLONE	POINTP	100.0	99.88
Pseudomonas aeruginosa	EIU7119989.1	SAMN06007778	PDT000173722.2	ABEVIK010000001.1	parC	190485	192749	-	parC_S87L	Pseudomonas aeruginosa quinolone resistant ParC	AMR	core	POINT	QUINOLONE	QUINOLONE	POINTP	100.0	99.87
Pseudomonas aeruginosa	WP_033943478.1	SAMN04901620	PDT000292996.1	NZ_CP027174.1	gyrA	546229	549000	+	gyrA_T83I	Pseudomonas aeruginosa quinolone resistant GyrA	AMR	core	POINT	QUINOLONE	QUINOLONE	POINTP	100.0	99.78
Pseudomonas aeruginosa	WP_034021553.1	SAMN07291535	PDT000311292.1	NZ_CP029090.1	gyrA	1079086	1081863	+	gyrA_D87N	Pseudomonas aeruginosa quinolone resistant GyrA	AMR	core	POINT	QUINOLONE	QUINOLONE	POINTP	100.0	99.68
Pseudomonas aeruginosa	WP_112207373.1	SAMN07291553	PDT000343385.1	NZ_CP030351.1	gyrA	291049	293814	+	gyrA_T83I	Pseudomonas aeruginosa quinolone resistant GyrA	AMR	core	POINT	QUINOLONE	QUINOLONE	POINTP	100.0	99.57
Pseudomonas aeruginosa	WP_043550300.1	SAMN09788319	PDT000424944.1	NZ_RXTB01000004.1	parE	34098	35987	-	parE_S457G	Pseudomonas aeruginosa quinolone resistant ParE	AMR	core	POINT	QUINOLONE	QUINOLONE	POINTP	100.0	99.84
Pseudomonas aeruginosa	WP_014603516.1	SAMN09788328	PDT000424953.1	NZ_RXTK01000001.1	parC	229422	231686	+	parC_S87L	Pseudomonas aeruginosa quinolone resistant ParC	AMR	core	POINT	QUINOLONE	QUINOLONE	POINTP	100.0	99.87
Pseudomonas aeruginosa	WP_034010346.1	SAMN09788330	PDT000424954.1	NZ_RXTM01000007.1	gyrA	16511	19276	+	gyrA_T83I	Pseudomonas aeruginosa quinolone resistant GyrA	AMR	core	POINT	QUINOLONE	QUINOLONE	POINTP	100.0	99.02
Pseudomonas aeruginosa	WP_012613862.1	SAMN09788334	PDT000424958.1	NZ_RXTQ01000001.1	gyrA	16713	19484	+	gyrA_T83I	Pseudomonas aeruginosa quinolone resistant GyrA	AMR	core	POINT	QUINOLONE	QUINOLONE	POINTP	100.0	99.89
Pseudomonas aeruginosa	WP_012613862.1	SAMN09788336	PDT000424960.1	NZ_RXTS01000008.1	gyrA	16716	19487	+	gyrA_T83I	Pseudomonas aeruginosa quinolone resistant GyrA	AMR	core	POINT	QUINOLONE	QUINOLONE	POINTP	100.0	99.89
Pseudomonas aeruginosa	WP_025271482.1	SAMN09788343	PDT000424976.1	NZ_RXTZ01000002.1	gyrA	424162	426933	+	gyrA_D87N	Pseudomonas aeruginosa quinolone resistant GyrA	AMR	core	POINT	QUINOLONE	QUINOLONE	POINTP	100.0	99.89
Pseudomonas aeruginosa	WP_014603516.1	SAMN09788359	PDT000424981.1	NZ_RXUP01000002.1	parC	93976	96240	-	parC_S87L	Pseudomonas aeruginosa quinolone resistant ParC	AMR	core	POINT	QUINOLONE	QUINOLONE	POINTP	100.0	99.87
Pseudomonas aeruginosa	WP_021263545.1	SAMN09788414	PDT000424985.1	NZ_RXUW01000004.1	parC	64530	66794	+	parC_S87L	Pseudomonas aeruginosa quinolone resistant ParC	AMR	core	POINT	QUINOLONE	QUINOLONE	POINTP	100.0	99.73
Pseudomonas aeruginosa	WP_014603516.1	SAMN09788368	PDT000424987.1	NZ_RXUZ01000010.1	parC	11145	13409	+	parC_S87L	Pseudomonas aeruginosa quinolone resistant ParC	AMR	core	POINT	QUINOLONE	QUINOLONE	POINTP	100.0	99.87
Pseudomonas aeruginosa	WP_012613862.1	SAMN09788393	PDT000425003.1	NZ_RXVZ01000001.1	gyrA	16713	19484	+	gyrA_T83I	Pseudomonas aeruginosa quinolone resistant GyrA	AMR	core	POINT	QUINOLONE	QUINOLONE	POINTP	100.0	99.89
Pseudomonas aeruginosa	WP_025271482.1	SAMN09788355	PDT000425009.1	NZ_RXUL01000001.1	gyrA	16793	19564	+	gyrA_D87N	Pseudomonas aeruginosa quinolone resistant GyrA	AMR	core	POINT	QUINOLONE	QUINOLONE	POINTP	100.0	99.89
Pseudomonas aeruginosa	WP_014603516.1	SAMN09788379	PDT000425013.1	NZ_RXVL01000001.1	parC	301060	303324	-	parC_S87L	Pseudomonas aeruginosa quinolone resistant ParC	AMR	core	POINT	QUINOLONE	QUINOLONE	POINTP	100.0	99.87
Pseudomonas aeruginosa	WP_012613862.1	SAMN09788346	PDT000430053.1	NZ_RXUC01000010.1	gyrA	33568	36339	-	gyrA_T83I	Pseudomonas aeruginosa quinolone resistant GyrA	AMR	core	POINT	QUINOLONE	QUINOLONE	POINTP	100.0	99.89
Pseudomonas aeruginosa		SAMN29442029	PDT001395149.2	JANKOJ010000002.1	parC	140965	143226	-	parC_S87L	Pseudomonas aeruginosa quinolone resistant ParC	AMR	core	POINT	QUINOLONE	QUINOLONE	POINTX	100.0	99.73
Pseudomonas aeruginosa		SAMN29442028	PDT001395150.2	JANKOK010000003.1	parC	150563	152824	+	parC_S87L	Pseudomonas aeruginosa quinolone resistant ParC	AMR	core	POINT	QUINOLONE	QUINOLONE	POINTX	100.0	99.73
Pseudomonas aeruginosa		SAMN29442027	PDT001395151.2	JANKOL010000003.1	parC	116852	119113	-	parC_S87L	Pseudomonas aeruginosa quinolone resistant ParC	AMR	core	POINT	QUINOLONE	QUINOLONE	POINTX	100.0	99.73
Pseudomonas aeruginosa		SAMN29442026	PDT001395152.2	JANKOM010000003.1	parC	116846	119107	-	parC_S87L	Pseudomonas aeruginosa quinolone resistant ParC	AMR	core	POINT	QUINOLONE	QUINOLONE	POINTX	100.0	99.73
Pseudomonas aeruginosa		SAMN29442025	PDT001395153.2	JANKON010000003.1	parC	150625	152886	+	parC_S87L	Pseudomonas aeruginosa quinolone resistant ParC	AMR	core	POINT	QUINOLONE	QUINOLONE	POINTX	100.0	99.73
Pseudomonas aeruginosa		SAMN29442024	PDT001395154.2	JANKOO010000003.1	parC	150565	152826	+	parC_S87L	Pseudomonas aeruginosa quinolone resistant ParC	AMR	core	POINT	QUINOLONE	QUINOLONE	POINTX	100.0	99.73
Pseudomonas aeruginosa		SAMN29442023	PDT001395155.2	JANKOP010000004.1	parC	100576	102837	-	parC_S87L	Pseudomonas aeruginosa quinolone resistant ParC	AMR	core	POINT	QUINOLONE	QUINOLONE	POINTX	100.0	99.73
Pseudomonas aeruginosa		SAMN29442019	PDT001395159.2	JANKOT010000001.1	gyrA	643368	646130	-	gyrA_D87N	Pseudomonas aeruginosa quinolone resistant GyrA	AMR	core	POINT	QUINOLONE	QUINOLONE	POINTX	100.0	99.57
Pseudomonas aeruginosa		SAMN29442018	PDT001395160.2	JANKOU010000001.1	gyrA	16711	19473	+	gyrA_D87N	Pseudomonas aeruginosa quinolone resistant GyrA	AMR	core	POINT	QUINOLONE	QUINOLONE	POINTX	100.0	99.57
Pseudomonas aeruginosa		SAMN29442017	PDT001395161.2	JANKOV010000003.1	parC	358680	360941	+	parC_S87L	Pseudomonas aeruginosa quinolone resistant ParC	AMR	core	POINT	QUINOLONE	QUINOLONE	POINTX	100.0	99.73
Pseudomonas aeruginosa		SAMN29442015	PDT001395163.2	JANKOX010000004.1	parC	150209	152470	+	parC_S87L	Pseudomonas aeruginosa quinolone resistant ParC	AMR	core	POINT	QUINOLONE	QUINOLONE	POINTX	100.0	99.73
Pseudomonas aeruginosa		SAMN29442014	PDT001395164.2	JANKOY010000005.1	parC	64528	66789	+	parC_S87L	Pseudomonas aeruginosa quinolone resistant ParC	AMR	core	POINT	QUINOLONE	QUINOLONE	POINTX	100.0	99.73
Pseudomonas aeruginosa		SAMN29442011	PDT001395165.2	JANKPB010000003.1	parC	204180	206441	+	parC_S87L	Pseudomonas aeruginosa quinolone resistant ParC	AMR	core	POINT	QUINOLONE	QUINOLONE	POINTX	100.0	99.73
Pseudomonas aeruginosa		SAMN29442010	PDT001395166.2	JANKPC010000006.1	parC	150488	152749	+	parC_S87L	Pseudomonas aeruginosa quinolone resistant ParC	AMR	core	POINT	QUINOLONE	QUINOLONE	POINTX	100.0	99.73
Pseudomonas aeruginosa		SAMN29442013	PDT001395167.2	JANKOZ010000007.1	parC	64544	66805	+	parC_S87L	Pseudomonas aeruginosa quinolone resistant ParC	AMR	core	POINT	QUINOLONE	QUINOLONE	POINTX	100.0	99.73
Pseudomonas aeruginosa		SAMN29442012	PDT001395168.2	JANKPA010000005.1	parC	120071	122332	+	parC_S87L	Pseudomonas aeruginosa quinolone resistant ParC	AMR	core	POINT	QUINOLONE	QUINOLONE	POINTX	100.0	99.73
Pseudomonas aeruginosa		SAMN29442008	PDT001395169.2	JANKPE010000003.1	parC	296523	298784	+	parC_S87L	Pseudomonas aeruginosa quinolone resistant ParC	AMR	core	POINT	QUINOLONE	QUINOLONE	POINTX	100.0	99.73
Pseudomonas aeruginosa		SAMN29442006	PDT001395170.2	JANKPG010000003.1	parC	116846	119107	-	parC_S87L	Pseudomonas aeruginosa quinolone resistant ParC	AMR	core	POINT	QUINOLONE	QUINOLONE	POINTX	100.0	99.73
Pseudomonas aeruginosa		SAMN29442007	PDT001395172.2	JANKPF010000001.1	gyrA	16711	19473	+	gyrA_D87N	Pseudomonas aeruginosa quinolone resistant GyrA	AMR	core	POINT	QUINOLONE	QUINOLONE	POINTX	100.0	99.57
Pseudomonas aeruginosa		SAMN29442005	PDT001395173.2	JANKPH010000003.1	gyrA	132963	135725	+	gyrA_D87N	Pseudomonas aeruginosa quinolone resistant GyrA	AMR	core	POINT	QUINOLONE	QUINOLONE	POINTX	100.0	99.57
Pseudomonas aeruginosa		SAMN29442002	PDT001395176.2	JANKPK010000001.1	gyrA	573020	575782	-	gyrA_D87N	Pseudomonas aeruginosa quinolone resistant GyrA	AMR	core	POINT	QUINOLONE	QUINOLONE	POINTX	100.0	99.57
Pseudomonas aeruginosa		SAMN29442001	PDT001395177.2	JANKPL010000001.1	gyrA	16711	19473	+	gyrA_D87N	Pseudomonas aeruginosa quinolone resistant GyrA	AMR	core	POINT	QUINOLONE	QUINOLONE	POINTX	100.0	99.57
Pseudomonas aeruginosa		SAMN29442000	PDT001395178.2	JANKPM010000002.1	gyrA	16860	19622	+	gyrA_D87N	Pseudomonas aeruginosa quinolone resistant GyrA	AMR	core	POINT	QUINOLONE	QUINOLONE	POINTX	100.0	99.57
Pseudomonas aeruginosa		SAMN29441997	PDT001395180.2	JANKPP010000001.1	gyrA	16711	19473	+	gyrA_D87N	Pseudomonas aeruginosa quinolone resistant GyrA	AMR	core	POINT	QUINOLONE	QUINOLONE	POINTX	100.0	99.57
Pseudomonas aeruginosa		SAMN29441998	PDT001395181.2	JANKPO010000006.1	gyrA	72276	75038	-	gyrA_D87N	Pseudomonas aeruginosa quinolone resistant GyrA	AMR	core	POINT	QUINOLONE	QUINOLONE	POINTX	100.0	99.57
Pseudomonas aeruginosa		SAMN29441996	PDT001395182.2	JANKPQ010000004.1	parC	61052	63313	-	parC_S87L	Pseudomonas aeruginosa quinolone resistant ParC	AMR	core	POINT	QUINOLONE	QUINOLONE	POINTX	100.0	99.73
Pseudomonas aeruginosa		SAMN29441995	PDT001395184.2	JANKPR010000008.1	parC	64597	66858	+	parC_S87L	Pseudomonas aeruginosa quinolone resistant ParC	AMR	core	POINT	QUINOLONE	QUINOLONE	POINTX	100.0	99.73
Pseudomonas aeruginosa		SAMN29441994	PDT001395185.2	JANKPS010000003.1	parC	150563	152824	+	parC_S87L	Pseudomonas aeruginosa quinolone resistant ParC	AMR	core	POINT	QUINOLONE	QUINOLONE	POINTX	100.0	99.73
Pseudomonas aeruginosa		SAMN29441993	PDT001395186.2	JANKPT010000006.1	parC	30307	32568	-	parC_S87L	Pseudomonas aeruginosa quinolone resistant ParC	AMR	core	POINT	QUINOLONE	QUINOLONE	POINTX	100.0	99.73
Pseudomonas aeruginosa		SAMN29441991	PDT001395187.2	JANKPV010000005.1	parC	100010	102271	-	parC_S87L	Pseudomonas aeruginosa quinolone resistant ParC	AMR	core	POINT	QUINOLONE	QUINOLONE	POINTX	100.0	99.73
Pseudomonas aeruginosa		SAMN29441989	PDT001395188.2	JANKPX010000001.1	gyrA	16711	19473	+	gyrA_D87N	Pseudomonas aeruginosa quinolone resistant GyrA	AMR	core	POINT	QUINOLONE	QUINOLONE	POINTX	100.0	99.57
Pseudomonas aeruginosa		SAMN29441988	PDT001395190.2	JANKPY010000001.1	gyrA	16716	19478	+	gyrA_D87N	Pseudomonas aeruginosa quinolone resistant GyrA	AMR	core	POINT	QUINOLONE	QUINOLONE	POINTX	100.0	99.57
Pseudomonas aeruginosa		SAMN29441986	PDT001395191.2	JANKQA010000001.1	gyrA	16711	19473	+	gyrA_D87N	Pseudomonas aeruginosa quinolone resistant GyrA	AMR	core	POINT	QUINOLONE	QUINOLONE	POINTX	100.0	99.57
Pseudomonas aeruginosa		SAMN29441983	PDT001395193.2	JANKQD010000001.1	gyrA	16711	19473	+	gyrA_D87N	Pseudomonas aeruginosa quinolone resistant GyrA	AMR	core	POINT	QUINOLONE	QUINOLONE	POINTX	100.0	99.57
Pseudomonas aeruginosa		SAMN29441984	PDT001395194.2	JANKQC010000006.1	parC	30307	32568	-	parC_S87L	Pseudomonas aeruginosa quinolone resistant ParC	AMR	core	POINT	QUINOLONE	QUINOLONE	POINTX	100.0	99.73
Pseudomonas aeruginosa		SAMN29441985	PDT001395195.2	JANKQB010000005.1	parC	64544	66805	+	parC_S87L	Pseudomonas aeruginosa quinolone resistant ParC	AMR	core	POINT	QUINOLONE	QUINOLONE	POINTX	100.0	99.73
Pseudomonas aeruginosa		SAMN29441982	PDT001395196.2	JANKQE010000007.1	gyrA	33206	35968	-	gyrA_D87N	Pseudomonas aeruginosa quinolone resistant GyrA	AMR	core	POINT	QUINOLONE	QUINOLONE	POINTX	100.0	99.57
Pseudomonas aeruginosa		SAMN29441979	PDT001395199.2	JANKQH010000006.1	parC	64564	66825	+	parC_S87L	Pseudomonas aeruginosa quinolone resistant ParC	AMR	core	POINT	QUINOLONE	QUINOLONE	POINTX	100.0	99.73
Pseudomonas aeruginosa		SAMN29441980	PDT001395200.2	JANKQG010000005.1	parC	64597	66858	+	parC_S87L	Pseudomonas aeruginosa quinolone resistant ParC	AMR	core	POINT	QUINOLONE	QUINOLONE	POINTX	100.0	99.73
Pseudomonas aeruginosa		SAMN29441975	PDT001395203.2	JANKQL010000005.1	parC	30396	32657	-	parC_S87L	Pseudomonas aeruginosa quinolone resistant ParC	AMR	core	POINT	QUINOLONE	QUINOLONE	POINTX	100.0	99.73
Pseudomonas aeruginosa		SAMN29441973	PDT001395205.2	JANKQN010000008.1	parC	64569	66830	+	parC_S87L	Pseudomonas aeruginosa quinolone resistant ParC	AMR	core	POINT	QUINOLONE	QUINOLONE	POINTX	100.0	99.73
Pseudomonas aeruginosa		SAMN29441972	PDT001395206.2	JANKQO010000007.1	parC	7966	10227	-	parC_S87L	Pseudomonas aeruginosa quinolone resistant ParC	AMR	core	POINT	QUINOLONE	QUINOLONE	POINTX	100.0	99.73
Pseudomonas aeruginosa		SAMN29441969	PDT001395207.2	JANKQR010000004.1	parC	150209	152470	+	parC_S87L	Pseudomonas aeruginosa quinolone resistant ParC	AMR	core	POINT	QUINOLONE	QUINOLONE	POINTX	100.0	99.73
Pseudomonas aeruginosa		SAMN29441967	PDT001395208.2	JANKQT010000005.1	parC	30307	32568	-	parC_S87L	Pseudomonas aeruginosa quinolone resistant ParC	AMR	core	POINT	QUINOLONE	QUINOLONE	POINTX	100.0	99.73
Pseudomonas aeruginosa		SAMN29441970	PDT001395209.2	JANKQQ010000005.1	parC	64556	66817	+	parC_S87L	Pseudomonas aeruginosa quinolone resistant ParC	AMR	core	POINT	QUINOLONE	QUINOLONE	POINTX	100.0	99.73
Pseudomonas aeruginosa		SAMN29441968	PDT001395210.2	JANKQS010000008.1	parC	30396	32657	-	parC_S87L	Pseudomonas aeruginosa quinolone resistant ParC	AMR	core	POINT	QUINOLONE	QUINOLONE	POINTX	100.0	99.73
Pseudomonas aeruginosa		SAMN29441971	PDT001395211.2	JANKQP010000006.1	parC	64544	66805	+	parC_S87L	Pseudomonas aeruginosa quinolone resistant ParC	AMR	core	POINT	QUINOLONE	QUINOLONE	POINTX	100.0	99.73
Pseudomonas aeruginosa		SAMN29441965	PDT001395212.2	JANKQV010000014.1	parC	64597	66858	+	parC_S87L	Pseudomonas aeruginosa quinolone resistant ParC	AMR	core	POINT	QUINOLONE	QUINOLONE	POINTX	100.0	99.73
Pseudomonas aeruginosa		SAMN29441962	PDT001395215.2	JANKQY010000006.1	parC	64605	66866	+	parC_S87L	Pseudomonas aeruginosa quinolone resistant ParC	AMR	core	POINT	QUINOLONE	QUINOLONE	POINTX	100.0	99.73
Pseudomonas aeruginosa		SAMN29441961	PDT001395216.2	JANKQZ010000001.1	gyrA	16711	19473	+	gyrA_D87N	Pseudomonas aeruginosa quinolone resistant GyrA	AMR	core	POINT	QUINOLONE	QUINOLONE	POINTX	100.0	99.57
Pseudomonas aeruginosa		SAMN29441960	PDT001395217.2	JANKRA010000004.1	parC	100059	102320	-	parC_S87L	Pseudomonas aeruginosa quinolone resistant ParC	AMR	core	POINT	QUINOLONE	QUINOLONE	POINTX	100.0	99.73
Pseudomonas aeruginosa		SAMN29441957	PDT001395219.2	JANKRD010000006.1	parC	37495	39756	-	parC_S87L	Pseudomonas aeruginosa quinolone resistant ParC	AMR	core	POINT	QUINOLONE	QUINOLONE	POINTX	100.0	99.73
Pseudomonas aeruginosa		SAMN29441958	PDT001395220.2	JANKRC010000006.1	parC	64598	66859	+	parC_S87L	Pseudomonas aeruginosa quinolone resistant ParC	AMR	core	POINT	QUINOLONE	QUINOLONE	POINTX	100.0	99.73
Pseudomonas aeruginosa		SAMN29441956	PDT001395221.2	JANKRE010000006.1	parC	30307	32568	-	parC_S87L	Pseudomonas aeruginosa quinolone resistant ParC	AMR	core	POINT	QUINOLONE	QUINOLONE	POINTX	100.0	99.73
Pseudomonas aeruginosa		SAMN29441953	PDT001395223.2	JANKRH010000008.1	parC	64560	66821	+	parC_S87L	Pseudomonas aeruginosa quinolone resistant ParC	AMR	core	POINT	QUINOLONE	QUINOLONE	POINTX	100.0	99.73
Pseudomonas aeruginosa		SAMN29441955	PDT001395224.2	JANKRF010000005.1	parC	30396	32657	-	parC_S87L	Pseudomonas aeruginosa quinolone resistant ParC	AMR	core	POINT	QUINOLONE	QUINOLONE	POINTX	100.0	99.73
Pseudomonas aeruginosa		SAMN29441949	PDT001395226.2	JANKRL010000005.1	parC	116384	118645	-	parC_S87L	Pseudomonas aeruginosa quinolone resistant ParC	AMR	core	POINT	QUINOLONE	QUINOLONE	POINTX	100.0	99.73
Pseudomonas aeruginosa		SAMN29441954	PDT001395227.2	JANKRG010000004.1	parC	30307	32568	-	parC_S87L	Pseudomonas aeruginosa quinolone resistant ParC	AMR	core	POINT	QUINOLONE	QUINOLONE	POINTX	100.0	99.73
Pseudomonas aeruginosa		SAMN29441951	PDT001395228.2	JANKRJ010000001.1	gyrA	16711	19473	+	gyrA_D87N	Pseudomonas aeruginosa quinolone resistant GyrA	AMR	core	POINT	QUINOLONE	QUINOLONE	POINTX	100.0	99.57
Pseudomonas aeruginosa		SAMN29441950	PDT001395230.2	JANKRK010000005.1	parC	78453	80714	+	parC_S87L	Pseudomonas aeruginosa quinolone resistant ParC	AMR	core	POINT	QUINOLONE	QUINOLONE	POINTX	100.0	99.73
Pseudomonas aeruginosa		SAMN29441948	PDT001395231.2	JANKRM010000005.1	parC	30307	32568	-	parC_S87L	Pseudomonas aeruginosa quinolone resistant ParC	AMR	core	POINT	QUINOLONE	QUINOLONE	POINTX	100.0	99.73
Pseudomonas aeruginosa		SAMN29441945	PDT001395232.2	JANKRP010000001.1	gyrA	16711	19473	+	gyrA_D87N	Pseudomonas aeruginosa quinolone resistant GyrA	AMR	core	POINT	QUINOLONE	QUINOLONE	POINTX	100.0	99.57
Pseudomonas aeruginosa		SAMN29441946	PDT001395233.2	JANKRO010000007.1	parC	64569	66830	+	parC_S87L	Pseudomonas aeruginosa quinolone resistant ParC	AMR	core	POINT	QUINOLONE	QUINOLONE	POINTX	100.0	99.73
Pseudomonas aeruginosa		SAMN29441943	PDT001395234.2	JANKRR010000003.1	parC	116846	119107	-	parC_S87L	Pseudomonas aeruginosa quinolone resistant ParC	AMR	core	POINT	QUINOLONE	QUINOLONE	POINTX	100.0	99.73
Pseudomonas aeruginosa		SAMN29441942	PDT001395235.2	JANKRS010000003.1	parC	41869	44130	-	parC_S87L	Pseudomonas aeruginosa quinolone resistant ParC	AMR	core	POINT	QUINOLONE	QUINOLONE	POINTX	100.0	99.73
Pseudomonas aeruginosa		SAMN29441940	PDT001395236.2	JANKRU010000001.1	gyrA	16711	19473	+	gyrA_D87N	Pseudomonas aeruginosa quinolone resistant GyrA	AMR	core	POINT	QUINOLONE	QUINOLONE	POINTX	100.0	99.57
Pseudomonas aeruginosa		SAMN29441944	PDT001395237.2	JANKRQ010000008.1	parC	78091	80352	+	parC_S87L	Pseudomonas aeruginosa quinolone resistant ParC	AMR	core	POINT	QUINOLONE	QUINOLONE	POINTX	100.0	99.73
Pseudomonas aeruginosa		SAMN29441938	PDT001395238.2	JANKRW010000004.1	parC	12103	14364	+	parC_S87L	Pseudomonas aeruginosa quinolone resistant ParC	AMR	core	POINT	QUINOLONE	QUINOLONE	POINTX	100.0	99.73
Pseudomonas aeruginosa		SAMN29441941	PDT001395239.2	JANKRT010000001.1	gyrA	16711	19473	+	gyrA_D87N	Pseudomonas aeruginosa quinolone resistant GyrA	AMR	core	POINT	QUINOLONE	QUINOLONE	POINTX	100.0	99.57
Pseudomonas aeruginosa		SAMN29441939	PDT001395240.2	JANKRV010000007.1	parC	11139	13400	+	parC_S87L	Pseudomonas aeruginosa quinolone resistant ParC	AMR	core	POINT	QUINOLONE	QUINOLONE	POINTX	100.0	99.73
Pseudomonas aeruginosa		SAMN29441935	PDT001395241.2	JANKRZ010000002.1	parC	358679	360940	+	parC_S87L	Pseudomonas aeruginosa quinolone resistant ParC	AMR	core	POINT	QUINOLONE	QUINOLONE	POINTX	100.0	99.73
Pseudomonas aeruginosa		SAMN29441937	PDT001395243.2	JANKRX010000003.1	parC	116628	118889	-	parC_S87L	Pseudomonas aeruginosa quinolone resistant ParC	AMR	core	POINT	QUINOLONE	QUINOLONE	POINTX	100.0	99.73
Pseudomonas aeruginosa		SAMN29441936	PDT001395244.2	JANKRY010000001.1	gyrA	16711	19473	+	gyrA_D87N	Pseudomonas aeruginosa quinolone resistant GyrA	AMR	core	POINT	QUINOLONE	QUINOLONE	POINTX	100.0	99.57
Pseudomonas aeruginosa		SAMN29441933	PDT001395245.2	JANKSB010000002.1	gyrA	7174	9936	+	gyrA_D87N	Pseudomonas aeruginosa quinolone resistant GyrA	AMR	core	POINT	QUINOLONE	QUINOLONE	POINTX	100.0	99.57
Pseudomonas aeruginosa		SAMN29441929	PDT001395247.2	JANKSF010000008.1	parC	78447	80708	+	parC_S87L	Pseudomonas aeruginosa quinolone resistant ParC	AMR	core	POINT	QUINOLONE	QUINOLONE	POINTX	100.0	99.73
Pseudomonas aeruginosa		SAMN29441927	PDT001395250.2	JANKSH010000005.1	parC	64542	66803	+	parC_S87L	Pseudomonas aeruginosa quinolone resistant ParC	AMR	core	POINT	QUINOLONE	QUINOLONE	POINTX	100.0	99.73
Pseudomonas aeruginosa		SAMN29441926	PDT001395251.2	JANKSI010000003.1	parC	45579	47840	+	parC_S87L	Pseudomonas aeruginosa quinolone resistant ParC	AMR	core	POINT	QUINOLONE	QUINOLONE	POINTX	100.0	99.73
Pseudomonas aeruginosa		SAMN29441928	PDT001395252.2	JANKSG010000009.1	parC	64569	66830	+	parC_S87L	Pseudomonas aeruginosa quinolone resistant ParC	AMR	core	POINT	QUINOLONE	QUINOLONE	POINTX	100.0	99.73
Pseudomonas aeruginosa		SAMN29441920	PDT001395255.2	JANKSO010000009.1	gyrA	33202	35964	-	gyrA_D87N	Pseudomonas aeruginosa quinolone resistant GyrA	AMR	core	POINT	QUINOLONE	QUINOLONE	POINTX	100.0	99.57
Pseudomonas aeruginosa		SAMN29441919	PDT001395258.2	JANKSP010000001.1	gyrA	16711	19473	+	gyrA_D87N	Pseudomonas aeruginosa quinolone resistant GyrA	AMR	core	POINT	QUINOLONE	QUINOLONE	POINTX	100.0	99.57
Pseudomonas aeruginosa		SAMN29441922	PDT001395259.2	JANKSM010000004.1	parC	116384	118645	-	parC_S87L	Pseudomonas aeruginosa quinolone resistant ParC	AMR	core	POINT	QUINOLONE	QUINOLONE	POINTX	100.0	99.73
Pseudomonas aeruginosa		SAMN29441917	PDT001395260.2	JANKSR010000007.1	parC	3978	6239	+	parC_S87L	Pseudomonas aeruginosa quinolone resistant ParC	AMR	core	POINT	QUINOLONE	QUINOLONE	POINTX	100.0	99.73
Pseudomonas aeruginosa		SAMN29441916	PDT001395261.2	JANKSS010000005.1	parC	100010	102271	-	parC_S87L	Pseudomonas aeruginosa quinolone resistant ParC	AMR	core	POINT	QUINOLONE	QUINOLONE	POINTX	100.0	99.73
Pseudomonas aeruginosa		SAMN29441915	PDT001395262.2	JANKST010000001.1	gyrA	16711	19473	+	gyrA_D87N	Pseudomonas aeruginosa quinolone resistant GyrA	AMR	core	POINT	QUINOLONE	QUINOLONE	POINTX	100.0	99.57
Pseudomonas aeruginosa		SAMN29441914	PDT001395263.2	JANKSU010000007.1	parC	64545	66806	+	parC_S87L	Pseudomonas aeruginosa quinolone resistant ParC	AMR	core	POINT	QUINOLONE	QUINOLONE	POINTX	100.0	99.73
Pseudomonas aeruginosa		SAMN29441918	PDT001395264.2	JANKSQ010000007.1	parC	30396	32657	-	parC_S87L	Pseudomonas aeruginosa quinolone resistant ParC	AMR	core	POINT	QUINOLONE	QUINOLONE	POINTX	100.0	99.73
Pseudomonas aeruginosa		SAMN29441913	PDT001395265.2	JANKSV010000001.1	gyrA	16711	19473	+	gyrA_D87N	Pseudomonas aeruginosa quinolone resistant GyrA	AMR	core	POINT	QUINOLONE	QUINOLONE	POINTX	100.0	99.57
Pseudomonas aeruginosa		SAMN29441910	PDT001395266.2	JANKSY010000006.1	parC	68171	70432	+	parC_S87L	Pseudomonas aeruginosa quinolone resistant ParC	AMR	core	POINT	QUINOLONE	QUINOLONE	POINTX	100.0	99.73
Pseudomonas aeruginosa		SAMN29441911	PDT001395268.2	JANKSX010000007.1	parC	64597	66858	+	parC_S87L	Pseudomonas aeruginosa quinolone resistant ParC	AMR	core	POINT	QUINOLONE	QUINOLONE	POINTX	100.0	99.73
Pseudomonas aeruginosa		SAMN29441907	PDT001395269.2	JANKTB010000007.1	parC	25737	27998	+	parC_S87L	Pseudomonas aeruginosa quinolone resistant ParC	AMR	core	POINT	QUINOLONE	QUINOLONE	POINTX	100.0	99.73
Pseudomonas aeruginosa		SAMN29441908	PDT001395270.2	JANKTA010000004.1	parC	150563	152824	+	parC_S87L	Pseudomonas aeruginosa quinolone resistant ParC	AMR	core	POINT	QUINOLONE	QUINOLONE	POINTX	100.0	99.73
Pseudomonas aeruginosa		SAMN29441909	PDT001395271.2	JANKSZ010000006.1	parC	30307	32568	-	parC_S87L	Pseudomonas aeruginosa quinolone resistant ParC	AMR	core	POINT	QUINOLONE	QUINOLONE	POINTX	100.0	99.73
Pseudomonas aeruginosa		SAMN29441904	PDT001395272.2	JANKTE010000001.1	gyrA	16711	19473	+	gyrA_D87N	Pseudomonas aeruginosa quinolone resistant GyrA	AMR	core	POINT	QUINOLONE	QUINOLONE	POINTX	100.0	99.57
Pseudomonas aeruginosa		SAMN29441906	PDT001395273.2	JANKTC010000006.1	parC	64567	66828	+	parC_S87L	Pseudomonas aeruginosa quinolone resistant ParC	AMR	core	POINT	QUINOLONE	QUINOLONE	POINTX	100.0	99.73
Pseudomonas aeruginosa		SAMN29441901	PDT001395274.2	JANKTH010000001.1	gyrA	16711	19473	+	gyrA_D87N	Pseudomonas aeruginosa quinolone resistant GyrA	AMR	core	POINT	QUINOLONE	QUINOLONE	POINTX	100.0	99.57
Pseudomonas aeruginosa		SAMN29441905	PDT001395275.2	JANKTD010000006.1	parC	30396	32657	-	parC_S87L	Pseudomonas aeruginosa quinolone resistant ParC	AMR	core	POINT	QUINOLONE	QUINOLONE	POINTX	100.0	99.73
Pseudomonas aeruginosa		SAMN29441903	PDT001395277.2	JANKTF010000005.1	parC	150563	152824	+	parC_S87L	Pseudomonas aeruginosa quinolone resistant ParC	AMR	core	POINT	QUINOLONE	QUINOLONE	POINTX	100.0	99.73
Pseudomonas aeruginosa		SAMN29441893	PDT001395281.2	JANKTP010000005.1	parC	30307	32568	-	parC_S87L	Pseudomonas aeruginosa quinolone resistant ParC	AMR	core	POINT	QUINOLONE	QUINOLONE	POINTX	100.0	99.73
Pseudomonas aeruginosa		SAMN29441892	PDT001395285.2	JANKTQ010000005.1	parC	121373	123634	+	parC_S87L	Pseudomonas aeruginosa quinolone resistant ParC	AMR	core	POINT	QUINOLONE	QUINOLONE	POINTX	100.0	99.73
Pseudomonas aeruginosa		SAMN29441891	PDT001395288.2	JANKTR010000006.1	parC	36142	38403	-	parC_S87L	Pseudomonas aeruginosa quinolone resistant ParC	AMR	core	POINT	QUINOLONE	QUINOLONE	POINTX	100.0	99.73
Pseudomonas aeruginosa		SAMN29441890	PDT001395289.2	JANKTS010000006.1	parC	100059	102320	-	parC_S87L	Pseudomonas aeruginosa quinolone resistant ParC	AMR	core	POINT	QUINOLONE	QUINOLONE	POINTX	100.0	99.73
Pseudomonas aeruginosa		SAMN29441888	PDT001395291.2	JANKTU010000001.1	parC	374884	377145	+	parC_S87L	Pseudomonas aeruginosa quinolone resistant ParC	AMR	core	POINT	QUINOLONE	QUINOLONE	POINTX	100.0	99.73
Pseudomonas aeruginosa		SAMN29441887	PDT001395295.2	JANKTV010000006.1	parC	64552	66813	+	parC_S87L	Pseudomonas aeruginosa quinolone resistant ParC	AMR	core	POINT	QUINOLONE	QUINOLONE	POINTX	100.0	99.73
Pseudomonas aeruginosa		SAMN29441882	PDT001395351.2	JANKUA010000006.1	parC	100058	102319	-	parC_S87L	Pseudomonas aeruginosa quinolone resistant ParC	AMR	core	POINT	QUINOLONE	QUINOLONE	POINTX	100.0	99.73
Pseudomonas aeruginosa		SAMN29441880	PDT001395353.2	JANKUC010000002.1	parC	116628	118889	-	parC_S87L	Pseudomonas aeruginosa quinolone resistant ParC	AMR	core	POINT	QUINOLONE	QUINOLONE	POINTX	100.0	99.73
Pseudomonas aeruginosa		SAMN29441879	PDT001395354.2	JANKUD010000005.1	parC	116385	118646	-	parC_S87L	Pseudomonas aeruginosa quinolone resistant ParC	AMR	core	POINT	QUINOLONE	QUINOLONE	POINTX	100.0	99.73
Pseudomonas aeruginosa		SAMN29441868	PDT001395364.2	JANKUO010000005.1	parC	64597	66858	+	parC_S87L	Pseudomonas aeruginosa quinolone resistant ParC	AMR	core	POINT	QUINOLONE	QUINOLONE	POINTX	100.0	99.73
Pseudomonas aeruginosa		SAMN29441869	PDT001395365.2	JANKUN010000003.1	parC	233553	235814	+	parC_S87L	Pseudomonas aeruginosa quinolone resistant ParC	AMR	core	POINT	QUINOLONE	QUINOLONE	POINTX	100.0	99.73
Pseudomonas aeruginosa		SAMN29441867	PDT001395366.2	JANKUP010000005.1	parC	30396	32657	-	parC_S87L	Pseudomonas aeruginosa quinolone resistant ParC	AMR	core	POINT	QUINOLONE	QUINOLONE	POINTX	100.0	99.73
Pseudomonas aeruginosa		SAMN29441865	PDT001395367.2	JANKUR010000004.1	parC	30307	32568	-	parC_S87L	Pseudomonas aeruginosa quinolone resistant ParC	AMR	core	POINT	QUINOLONE	QUINOLONE	POINTX	100.0	99.73
Pseudomonas aeruginosa		SAMN29441866	PDT001395368.2	JANKUQ010000005.1	parC	100010	102271	-	parC_S87L	Pseudomonas aeruginosa quinolone resistant ParC	AMR	core	POINT	QUINOLONE	QUINOLONE	POINTX	100.0	99.73
Pseudomonas aeruginosa		SAMN29441864	PDT001395369.2	JANKUS010000003.1	parC	116630	118891	-	parC_S87L	Pseudomonas aeruginosa quinolone resistant ParC	AMR	core	POINT	QUINOLONE	QUINOLONE	POINTX	100.0	99.73
Pseudomonas aeruginosa		SAMN29441862	PDT001395370.2	JANKUU010000005.1	parC	30396	32657	-	parC_S87L	Pseudomonas aeruginosa quinolone resistant ParC	AMR	core	POINT	QUINOLONE	QUINOLONE	POINTX	100.0	99.73
Pseudomonas aeruginosa		SAMN29441861	PDT001395372.2	JANKUV010000001.1	gyrA	16711	19473	+	gyrA_D87N	Pseudomonas aeruginosa quinolone resistant GyrA	AMR	core	POINT	QUINOLONE	QUINOLONE	POINTX	100.0	99.57
Pseudomonas aeruginosa		SAMN29441850	PDT001395383.2	JANKVG010000009.1	parC	78101	80362	+	parC_S87L	Pseudomonas aeruginosa quinolone resistant ParC	AMR	core	POINT	QUINOLONE	QUINOLONE	POINTX	100.0	99.73
Pseudomonas aeruginosa		SAMN29441847	PDT001395385.2	JANKVJ010000008.1	parC	30293	32554	-	parC_S87L	Pseudomonas aeruginosa quinolone resistant ParC	AMR	core	POINT	QUINOLONE	QUINOLONE	POINTX	100.0	99.73
Pseudomonas aeruginosa		SAMN29441848	PDT001395386.2	JANKVI010000012.1	parC	64598	66859	+	parC_S87L	Pseudomonas aeruginosa quinolone resistant ParC	AMR	core	POINT	QUINOLONE	QUINOLONE	POINTX	100.0	99.73
Pseudomonas aeruginosa		SAMN29441846	PDT001395387.2	JANKVK010000005.1	parC	60183	62444	+	parC_S87L	Pseudomonas aeruginosa quinolone resistant ParC	AMR	core	POINT	QUINOLONE	QUINOLONE	POINTX	100.0	99.73
Pseudomonas aeruginosa		SAMN29441845	PDT001395388.2	JANKVL010000004.1	parC	116424	118685	-	parC_S87L	Pseudomonas aeruginosa quinolone resistant ParC	AMR	core	POINT	QUINOLONE	QUINOLONE	POINTX	100.0	99.73
Pseudomonas aeruginosa		SAMN29441843	PDT001395389.2	JANKVN010000007.1	parC	64544	66805	+	parC_S87L	Pseudomonas aeruginosa quinolone resistant ParC	AMR	core	POINT	QUINOLONE	QUINOLONE	POINTX	100.0	99.73
Pseudomonas aeruginosa		SAMN29441842	PDT001395391.2	JANKVO010000006.1	parC	78142	80403	+	parC_S87L	Pseudomonas aeruginosa quinolone resistant ParC	AMR	core	POINT	QUINOLONE	QUINOLONE	POINTX	100.0	99.73
Pseudomonas aeruginosa		SAMN29441840	PDT001395392.2	JANKVQ010000003.1	parC	64525	66786	+	parC_S87L	Pseudomonas aeruginosa quinolone resistant ParC	AMR	core	POINT	QUINOLONE	QUINOLONE	POINTX	100.0	99.73
Pseudomonas aeruginosa		SAMN29441839	PDT001395393.2	JANKVR010000006.1	parC	30307	32568	-	parC_S87L	Pseudomonas aeruginosa quinolone resistant ParC	AMR	core	POINT	QUINOLONE	QUINOLONE	POINTX	100.0	99.73
Pseudomonas aeruginosa		SAMN29441841	PDT001395394.2	JANKVP010000003.1	parC	30266	32527	-	parC_S87L	Pseudomonas aeruginosa quinolone resistant ParC	AMR	core	POINT	QUINOLONE	QUINOLONE	POINTX	100.0	99.73
Pseudomonas aeruginosa		SAMN29441829	PDT001395404.2	JANKWB010000006.1	parC	64544	66805	+	parC_S87L	Pseudomonas aeruginosa quinolone resistant ParC	AMR	core	POINT	QUINOLONE	QUINOLONE	POINTX	100.0	99.73
Pseudomonas aeruginosa		SAMN29441828	PDT001395406.2	JANKWC010000001.1	gyrA	16711	19473	+	gyrA_D87N	Pseudomonas aeruginosa quinolone resistant GyrA	AMR	core	POINT	QUINOLONE	QUINOLONE	POINTX	100.0	99.57
Pseudomonas aeruginosa		SAMN29441823	PDT001395411.2	JANKWH010000006.1	parC	30396	32657	-	parC_S87L	Pseudomonas aeruginosa quinolone resistant ParC	AMR	core	POINT	QUINOLONE	QUINOLONE	POINTX	100.0	99.73
Pseudomonas aeruginosa		SAMN29441814	PDT001395419.2	JANKWQ010000004.1	parC	116630	118891	-	parC_S87L	Pseudomonas aeruginosa quinolone resistant ParC	AMR	core	POINT	QUINOLONE	QUINOLONE	POINTX	100.0	99.73
Pseudomonas aeruginosa		SAMN29441803	PDT001395432.2	JANKXB010000006.1	parC	64556	66817	+	parC_S87L	Pseudomonas aeruginosa quinolone resistant ParC	AMR	core	POINT	QUINOLONE	QUINOLONE	POINTX	100.0	99.6
Pseudomonas aeruginosa		SAMN29441795	PDT001395438.2	JANKXJ010000003.1	parC	116630	118891	-	parC_S87L	Pseudomonas aeruginosa quinolone resistant ParC	AMR	core	POINT	QUINOLONE	QUINOLONE	POINTX	100.0	99.73
Pseudomonas aeruginosa		SAMN29441793	PDT001395440.2	JANKXL010000004.1	parC	100018	102279	-	parC_S87L	Pseudomonas aeruginosa quinolone resistant ParC	AMR	core	POINT	QUINOLONE	QUINOLONE	POINTX	100.0	99.73
Pseudomonas aeruginosa		SAMN29441788	PDT001395445.2	JANKXQ010000002.1	parC	64544	66805	+	parC_S87L	Pseudomonas aeruginosa quinolone resistant ParC	AMR	core	POINT	QUINOLONE	QUINOLONE	POINTX	100.0	99.73
Pseudomonas aeruginosa		SAMN29441786	PDT001395446.2	JANKXS010000005.1	parC	64544	66805	+	parC_S87L	Pseudomonas aeruginosa quinolone resistant ParC	AMR	core	POINT	QUINOLONE	QUINOLONE	POINTX	100.0	99.73
Pseudomonas aeruginosa		SAMN29441785	PDT001395448.2	JANKXT010000007.1	parC	64544	66805	+	parC_S87L	Pseudomonas aeruginosa quinolone resistant ParC	AMR	core	POINT	QUINOLONE	QUINOLONE	POINTX	100.0	99.73
Pseudomonas aeruginosa		SAMN29441784	PDT001395449.2	JANKXU010000003.1	parC	64569	66830	+	parC_S87L	Pseudomonas aeruginosa quinolone resistant ParC	AMR	core	POINT	QUINOLONE	QUINOLONE	POINTX	100.0	99.73
Pseudomonas aeruginosa		SAMN29441781	PDT001395450.2	JANKXX010000004.1	parC	99997	102258	-	parC_S87L	Pseudomonas aeruginosa quinolone resistant ParC	AMR	core	POINT	QUINOLONE	QUINOLONE	POINTX	100.0	99.73
Pseudomonas aeruginosa		SAMN29441783	PDT001395452.2	JANKXV010000005.1	parC	25601	27862	+	parC_S87L	Pseudomonas aeruginosa quinolone resistant ParC	AMR	core	POINT	QUINOLONE	QUINOLONE	POINTX	100.0	99.73
Pseudomonas aeruginosa		SAMN29441780	PDT001395453.2	JANKXY010000005.1	parC	64525	66786	+	parC_S87L	Pseudomonas aeruginosa quinolone resistant ParC	AMR	core	POINT	QUINOLONE	QUINOLONE	POINTX	100.0	99.73
Pseudomonas aeruginosa	HDQ4466565.1	SAMN29505225	PDT001677740.1	DAOEXI010000002.1	parC	301273	303537	-	parC_S87L	Pseudomonas aeruginosa quinolone resistant ParC	AMR	core	POINT	QUINOLONE	QUINOLONE	POINTP	100.0	99.87
Pseudomonas aeruginosa	EKS3061899.1	SAMN34104072	PDT001684050.1	ABLKOJ010000001.1	gyrA	591185	593956	-	gyrA_T83I	Pseudomonas aeruginosa quinolone resistant GyrA	AMR	core	POINT	QUINOLONE	QUINOLONE	POINTP	100.0	99.89
Pseudomonas aeruginosa	WP_014603516.1	SAMN40282112	PDT002110220.1	NZ_JBAWUF010000001.1	parC	98125	100389	+	parC_S87L	Pseudomonas aeruginosa quinolone resistant ParC	AMR	core	POINT	QUINOLONE	QUINOLONE	POINTP	100.0	99.87
Pseudomonas aeruginosa		SAMN33819340	PDT002145714.1	JARLMM010000002.1	parE	34385	36271	-	parE_A473V	Pseudomonas aeruginosa quinolone resistant ParE	AMR	core	POINT	QUINOLONE	QUINOLONE	POINTX	100.0	99.68
Pseudomonas aeruginosa		SAMN33819326	PDT002145728.1	JARLNA010000001.1	parE	34385	36271	-	parE_A473V	Pseudomonas aeruginosa quinolone resistant ParE	AMR	core	POINT	QUINOLONE	QUINOLONE	POINTX	100.0	99.68
Pseudomonas aeruginosa		SAMN33819319	PDT002145734.1	JARLNH010000001.1	gyrA	565568	568330	-	gyrA_T83I	Pseudomonas aeruginosa quinolone resistant GyrA	AMR	core	POINT	QUINOLONE	QUINOLONE	POINTX	100.0	99.67
Pseudomonas aeruginosa		SAMN33819307	PDT002146175.1	JARLNT010000001.1	parC	470688	472949	+	parC_S87L	Pseudomonas aeruginosa quinolone resistant ParC	AMR	core	POINT	QUINOLONE	QUINOLONE	POINTX	100.0	99.87
Pseudomonas aeruginosa		SAMN33819275	PDT002146204.1	JARLOZ010000007.1	parC	54770	57031	+	parC_S87L	Pseudomonas aeruginosa quinolone resistant ParC	AMR	core	POINT	QUINOLONE	QUINOLONE	POINTX	100.0	99.87
Pseudomonas aeruginosa		SAMN33819272	PDT002146209.1	JARLPC010000002.1	parE	71217	73103	+	parE_A473V	Pseudomonas aeruginosa quinolone resistant ParE	AMR	core	POINT	QUINOLONE	QUINOLONE	POINTX	100.0	99.68
Pseudomonas aeruginosa	HHZ9490532.1	SAMN48878734	PDT002991309.1	DBKSLD010000001.1	gyrA	425213	427984	-	gyrA_T83I	Pseudomonas aeruginosa quinolone resistant GyrA	AMR	core	POINT	QUINOLONE	QUINOLONE	POINTP	100.0	99.89
Pseudomonas aeruginosa	HHZ9316081.1	SAMN48878478	PDT002991373.1	DBKSJS010000001.1	gyrA	413304	416075	-	gyrA_T83I	Pseudomonas aeruginosa quinolone resistant GyrA	AMR	core	POINT	QUINOLONE	QUINOLONE	POINTP	100.0	99.89
Pseudomonas aeruginosa	HHZ7599706.1	SAMN48878532	PDT002992075.1	DBKRVF010000001.1	gyrA	367412	370177	-	gyrA_T83I	Pseudomonas aeruginosa quinolone resistant GyrA	AMR	core	POINT	QUINOLONE	QUINOLONE	POINTP	100.0	99.67
Pseudomonas aeruginosa	WP_019484695.1	SAMN60257146	PDT003226863.1	NZ_JBYMUD010000001.1	gyrA	200572	203337	-	gyrA_T83I	Pseudomonas aeruginosa quinolone resistant GyrA	AMR	core	POINT	QUINOLONE	QUINOLONE	POINTP	100.0	99.67
Pseudomonas aeruginosa	EIU7147307.1	SAMN04096277	PDT000084304.3	ABEVIV010000001.1	gyrA	59221	61992	-	gyrA_T83A	Pseudomonas aeruginosa quinolone resistant GyrA	AMR	core	POINT	QUINOLONE	QUINOLONE	POINTP	100.0	99.78
Pseudomonas aeruginosa	EIU7127757.1	SAMN06015657	PDT000173727.2	ABEVIM010000007.1	gyrA	16792	19563	+	gyrA_T83I	Pseudomonas aeruginosa quinolone resistant GyrA	AMR	core	POINT	QUINOLONE	QUINOLONE	POINTP	100.0	99.89
Pseudomonas aeruginosa	WP_033940430.1	SAMN07291496	PDT000292995.1	NZ_CP027172.1	parC	858689	860953	+	parC_S87L	Pseudomonas aeruginosa quinolone resistant ParC	AMR	core	POINT	QUINOLONE	QUINOLONE	POINTP	100.0	99.73
Pseudomonas aeruginosa	WP_012613862.1	SAMN09788319	PDT000424944.1	NZ_RXTB01000012.1	gyrA	16716	19487	+	gyrA_T83I	Pseudomonas aeruginosa quinolone resistant GyrA	AMR	core	POINT	QUINOLONE	QUINOLONE	POINTP	100.0	99.89
Pseudomonas aeruginosa	WP_014603516.1	SAMN09788318	PDT000424947.1	NZ_RXTA01000003.1	parC	30305	32569	-	parC_S87L	Pseudomonas aeruginosa quinolone resistant ParC	AMR	core	POINT	QUINOLONE	QUINOLONE	POINTP	100.0	99.87
Pseudomonas aeruginosa	WP_058168199.1	SAMN09788329	PDT000424952.1	NZ_RXTL01000003.1	gyrB	79881	82301	+	gyrB_S466F	Pseudomonas aeruginosa quinolone resistant GyrB	AMR	core	POINT	QUINOLONE	QUINOLONE	POINTP	100.0	99.01
Pseudomonas aeruginosa	WP_014603516.1	SAMN09788330	PDT000424954.1	NZ_RXTM01000016.1	parC	64386	66650	+	parC_S87L	Pseudomonas aeruginosa quinolone resistant ParC	AMR	core	POINT	QUINOLONE	QUINOLONE	POINTP	100.0	99.87
Pseudomonas aeruginosa	WP_014603516.1	SAMN09788334	PDT000424958.1	NZ_RXTQ01000002.1	parC	229293	231557	+	parC_S87L	Pseudomonas aeruginosa quinolone resistant ParC	AMR	core	POINT	QUINOLONE	QUINOLONE	POINTP	100.0	99.87
Pseudomonas aeruginosa	WP_012613862.1	SAMN09788337	PDT000424959.1	NZ_RXTT01000005.1	gyrA	469094	471865	-	gyrA_T83I	Pseudomonas aeruginosa quinolone resistant GyrA	AMR	core	POINT	QUINOLONE	QUINOLONE	POINTP	100.0	99.89
Pseudomonas aeruginosa	WP_014603516.1	SAMN09788317	PDT000424964.1	NZ_RXSZ01000010.1	parC	43528	45792	+	parC_S87L	Pseudomonas aeruginosa quinolone resistant ParC	AMR	core	POINT	QUINOLONE	QUINOLONE	POINTP	100.0	99.87
Pseudomonas aeruginosa	WP_014833928.1	SAMN09788324	PDT000424966.1	NZ_RXTG01000033.1	gyrA	16998	19763	+	gyrA_D87N	Pseudomonas aeruginosa quinolone resistant GyrA	AMR	core	POINT	QUINOLONE	QUINOLONE	POINTP	100.0	99.67
Pseudomonas aeruginosa	WP_004347647.1	SAMN09788360	PDT000424984.1	NZ_RXUQ01000019.1	parE	63291	65180	+	parE_A473V	Pseudomonas aeruginosa quinolone resistant ParE	AMR	core	POINT	QUINOLONE	QUINOLONE	POINTP	100.0	99.68
Pseudomonas aeruginosa	WP_012613862.1	SAMN09788384	PDT000424996.1	NZ_RXVQ01000002.1	gyrA	236377	239148	-	gyrA_T83I	Pseudomonas aeruginosa quinolone resistant GyrA	AMR	core	POINT	QUINOLONE	QUINOLONE	POINTP	100.0	99.89
Pseudomonas aeruginosa	WP_014603516.1	SAMN09788393	PDT000425003.1	NZ_RXVZ01000009.1	parC	64391	66655	+	parC_S87L	Pseudomonas aeruginosa quinolone resistant ParC	AMR	core	POINT	QUINOLONE	QUINOLONE	POINTP	100.0	99.87
Pseudomonas aeruginosa	WP_012613862.1	SAMN09788379	PDT000425013.1	NZ_RXVL01000011.1	gyrA	17329	20100	+	gyrA_T83I	Pseudomonas aeruginosa quinolone resistant GyrA	AMR	core	POINT	QUINOLONE	QUINOLONE	POINTP	100.0	99.89
Pseudomonas aeruginosa	WP_033940430.1	SAMN09788401	PDT000425021.1	NZ_RXWH01000010.1	parC	64387	66651	+	parC_S87L	Pseudomonas aeruginosa quinolone resistant ParC	AMR	core	POINT	QUINOLONE	QUINOLONE	POINTP	100.0	99.73
Pseudomonas aeruginosa	WP_012613862.1	SAMN09788405	PDT000425032.1	NZ_RXWL01000014.1	gyrA	16787	19558	+	gyrA_T83I	Pseudomonas aeruginosa quinolone resistant GyrA	AMR	core	POINT	QUINOLONE	QUINOLONE	POINTP	100.0	99.89
Pseudomonas aeruginosa		SAMN12288115	PDT000551137.1	NZ_CP041785.1	mexZ	2295324	2295894	-	mexZ_L154RfsTer124	Pseudomonas aeruginosa aminoglycoside/cefepime/fluoroquinolone resistant MexZ	AMR	core	POINT_DISRUPT	AMINOGLYCOSIDE/BETA-LACTAM/QUINOLONE	AMINOGLYCOSIDE/CEFEPIME/FLUOROQUINOLONE	POINTX	91.9	99.47
Pseudomonas aeruginosa	WP_034065700.1	SAMN17616893	PDT001116470.1	NZ_JAFFGW010000004.1	parC	64425	66689	+	parC_S87L	Pseudomonas aeruginosa quinolone resistant ParC	AMR	core	POINT	QUINOLONE	QUINOLONE	POINTP	100.0	99.73
Pseudomonas aeruginosa		SAMN29442019	PDT001395159.2	JANKOT010000001.1	gyrA	643368	646130	-	gyrA_T83I	Pseudomonas aeruginosa quinolone resistant GyrA	AMR	core	POINT	QUINOLONE	QUINOLONE	POINTX	100.0	99.57
Pseudomonas aeruginosa		SAMN29442018	PDT001395160.2	JANKOU010000001.1	gyrA	16711	19473	+	gyrA_T83I	Pseudomonas aeruginosa quinolone resistant GyrA	AMR	core	POINT	QUINOLONE	QUINOLONE	POINTX	100.0	99.57
Pseudomonas aeruginosa		SAMN29442017	PDT001395161.2	JANKOV010000005.1	gyrA	16711	19473	+	gyrA_D87N	Pseudomonas aeruginosa quinolone resistant GyrA	AMR	core	POINT	QUINOLONE	QUINOLONE	POINTX	100.0	99.57
Pseudomonas aeruginosa		SAMN29442016	PDT001395162.2	JANKOW010000004.1	parC	106247	108508	+	parC_S87L	Pseudomonas aeruginosa quinolone resistant ParC	AMR	core	POINT	QUINOLONE	QUINOLONE	POINTX	100.0	99.73
Pseudomonas aeruginosa		SAMN29442015	PDT001395163.2	JANKOX010000013.1	gyrA	7259	10021	-	gyrA_D87N	Pseudomonas aeruginosa quinolone resistant GyrA	AMR	core	POINT	QUINOLONE	QUINOLONE	POINTX	100.0	99.57
Pseudomonas aeruginosa		SAMN29442014	PDT001395164.2	JANKOY010000008.1	gyrA	16711	19473	+	gyrA_D87N	Pseudomonas aeruginosa quinolone resistant GyrA	AMR	core	POINT	QUINOLONE	QUINOLONE	POINTX	100.0	99.57
Pseudomonas aeruginosa		SAMN29442011	PDT001395165.2	JANKPB010000007.1	gyrA	16711	19473	+	gyrA_D87N	Pseudomonas aeruginosa quinolone resistant GyrA	AMR	core	POINT	QUINOLONE	QUINOLONE	POINTX	100.0	99.57
Pseudomonas aeruginosa		SAMN29442013	PDT001395167.2	JANKOZ010000012.1	gyrA	16711	19473	+	gyrA_D87N	Pseudomonas aeruginosa quinolone resistant GyrA	AMR	core	POINT	QUINOLONE	QUINOLONE	POINTX	100.0	99.57
Pseudomonas aeruginosa		SAMN29442012	PDT001395168.2	JANKPA010000008.1	gyrA	16711	19473	+	gyrA_D87N	Pseudomonas aeruginosa quinolone resistant GyrA	AMR	core	POINT	QUINOLONE	QUINOLONE	POINTX	100.0	99.57
Pseudomonas aeruginosa		SAMN29442007	PDT001395172.2	JANKPF010000001.1	gyrA	16711	19473	+	gyrA_T83I	Pseudomonas aeruginosa quinolone resistant GyrA	AMR	core	POINT	QUINOLONE	QUINOLONE	POINTX	100.0	99.57
Pseudomonas aeruginosa		SAMN29442005	PDT001395173.2	JANKPH010000003.1	gyrA	132963	135725	+	gyrA_T83I	Pseudomonas aeruginosa quinolone resistant GyrA	AMR	core	POINT	QUINOLONE	QUINOLONE	POINTX	100.0	99.57
Pseudomonas aeruginosa		SAMN29442002	PDT001395176.2	JANKPK010000001.1	gyrA	573020	575782	-	gyrA_T83I	Pseudomonas aeruginosa quinolone resistant GyrA	AMR	core	POINT	QUINOLONE	QUINOLONE	POINTX	100.0	99.57
Pseudomonas aeruginosa		SAMN29442001	PDT001395177.2	JANKPL010000001.1	gyrA	16711	19473	+	gyrA_T83I	Pseudomonas aeruginosa quinolone resistant GyrA	AMR	core	POINT	QUINOLONE	QUINOLONE	POINTX	100.0	99.57
Pseudomonas aeruginosa		SAMN29442000	PDT001395178.2	JANKPM010000002.1	gyrA	16860	19622	+	gyrA_T83I	Pseudomonas aeruginosa quinolone resistant GyrA	AMR	core	POINT	QUINOLONE	QUINOLONE	POINTX	100.0	99.57
Pseudomonas aeruginosa		SAMN29441997	PDT001395180.2	JANKPP010000001.1	gyrA	16711	19473	+	gyrA_T83I	Pseudomonas aeruginosa quinolone resistant GyrA	AMR	core	POINT	QUINOLONE	QUINOLONE	POINTX	100.0	99.57
Pseudomonas aeruginosa		SAMN29441998	PDT001395181.2	JANKPO010000006.1	gyrA	72276	75038	-	gyrA_T83I	Pseudomonas aeruginosa quinolone resistant GyrA	AMR	core	POINT	QUINOLONE	QUINOLONE	POINTX	100.0	99.57
Pseudomonas aeruginosa		SAMN29441996	PDT001395182.2	JANKPQ010000010.1	gyrA	16711	19473	+	gyrA_D87N	Pseudomonas aeruginosa quinolone resistant GyrA	AMR	core	POINT	QUINOLONE	QUINOLONE	POINTX	100.0	99.57
Pseudomonas aeruginosa		SAMN29441995	PDT001395184.2	JANKPR010000014.1	gyrA	16711	19473	+	gyrA_D87N	Pseudomonas aeruginosa quinolone resistant GyrA	AMR	core	POINT	QUINOLONE	QUINOLONE	POINTX	100.0	99.57
Pseudomonas aeruginosa		SAMN29441993	PDT001395186.2	JANKPT010000010.1	gyrA	16711	19473	+	gyrA_D87N	Pseudomonas aeruginosa quinolone resistant GyrA	AMR	core	POINT	QUINOLONE	QUINOLONE	POINTX	100.0	99.57
Pseudomonas aeruginosa		SAMN29441989	PDT001395188.2	JANKPX010000001.1	gyrA	16711	19473	+	gyrA_T83I	Pseudomonas aeruginosa quinolone resistant GyrA	AMR	core	POINT	QUINOLONE	QUINOLONE	POINTX	100.0	99.57
Pseudomonas aeruginosa		SAMN29441988	PDT001395190.2	JANKPY010000001.1	gyrA	16716	19478	+	gyrA_T83I	Pseudomonas aeruginosa quinolone resistant GyrA	AMR	core	POINT	QUINOLONE	QUINOLONE	POINTX	100.0	99.57
Pseudomonas aeruginosa		SAMN29441986	PDT001395191.2	JANKQA010000001.1	gyrA	16711	19473	+	gyrA_T83I	Pseudomonas aeruginosa quinolone resistant GyrA	AMR	core	POINT	QUINOLONE	QUINOLONE	POINTX	100.0	99.57
Pseudomonas aeruginosa		SAMN29441983	PDT001395193.2	JANKQD010000001.1	gyrA	16711	19473	+	gyrA_T83I	Pseudomonas aeruginosa quinolone resistant GyrA	AMR	core	POINT	QUINOLONE	QUINOLONE	POINTX	100.0	99.57
Pseudomonas aeruginosa		SAMN29441984	PDT001395194.2	JANKQC010000011.1	gyrA	16711	19473	+	gyrA_D87N	Pseudomonas aeruginosa quinolone resistant GyrA	AMR	core	POINT	QUINOLONE	QUINOLONE	POINTX	100.0	99.57
Pseudomonas aeruginosa		SAMN29441985	PDT001395195.2	JANKQB010000010.1	gyrA	16711	19473	+	gyrA_D87N	Pseudomonas aeruginosa quinolone resistant GyrA	AMR	core	POINT	QUINOLONE	QUINOLONE	POINTX	100.0	99.57
Pseudomonas aeruginosa		SAMN29441982	PDT001395196.2	JANKQE010000007.1	gyrA	33206	35968	-	gyrA_T83I	Pseudomonas aeruginosa quinolone resistant GyrA	AMR	core	POINT	QUINOLONE	QUINOLONE	POINTX	100.0	99.57
Pseudomonas aeruginosa		SAMN29441981	PDT001395197.2	JANKQF010000009.1	parC	7966	10227	-	parC_S87L	Pseudomonas aeruginosa quinolone resistant ParC	AMR	core	POINT	QUINOLONE	QUINOLONE	POINTX	100.0	99.73
Pseudomonas aeruginosa		SAMN29441978	PDT001395198.2	JANKQI010000022.1	parC	64597	66858	+	parC_S87L	Pseudomonas aeruginosa quinolone resistant ParC	AMR	core	POINT	QUINOLONE	QUINOLONE	POINTX	100.0	99.73
Pseudomonas aeruginosa		SAMN29441980	PDT001395200.2	JANKQG010000010.1	gyrA	16713	19475	+	gyrA_D87N	Pseudomonas aeruginosa quinolone resistant GyrA	AMR	core	POINT	QUINOLONE	QUINOLONE	POINTX	100.0	99.57
Pseudomonas aeruginosa		SAMN29441977	PDT001395201.2	JANKQJ010000021.1	parC	64569	66830	+	parC_S87L	Pseudomonas aeruginosa quinolone resistant ParC	AMR	core	POINT	QUINOLONE	QUINOLONE	POINTX	100.0	99.73
Pseudomonas aeruginosa		SAMN29441975	PDT001395203.2	JANKQL010000015.1	gyrA	72275	75037	-	gyrA_D87N	Pseudomonas aeruginosa quinolone resistant GyrA	AMR	core	POINT	QUINOLONE	QUINOLONE	POINTX	100.0	99.57
Pseudomonas aeruginosa		SAMN29441969	PDT001395207.2	JANKQR010000015.1	gyrA	59382	62144	-	gyrA_D87N	Pseudomonas aeruginosa quinolone resistant GyrA	AMR	core	POINT	QUINOLONE	QUINOLONE	POINTX	100.0	99.57
Pseudomonas aeruginosa		SAMN29441967	PDT001395208.2	JANKQT010000009.1	gyrA	16711	19473	+	gyrA_D87N	Pseudomonas aeruginosa quinolone resistant GyrA	AMR	core	POINT	QUINOLONE	QUINOLONE	POINTX	100.0	99.57
Pseudomonas aeruginosa		SAMN29441968	PDT001395210.2	JANKQS010000020.1	gyrA	71632	74394	-	gyrA_D87N	Pseudomonas aeruginosa quinolone resistant GyrA	AMR	core	POINT	QUINOLONE	QUINOLONE	POINTX	100.0	99.57
Pseudomonas aeruginosa		SAMN29441966	PDT001395213.2	JANKQU010000011.1	parC	103607	105868	+	parC_S87L	Pseudomonas aeruginosa quinolone resistant ParC	AMR	core	POINT	QUINOLONE	QUINOLONE	POINTX	100.0	99.73
Pseudomonas aeruginosa		SAMN29441962	PDT001395215.2	JANKQY010000013.1	gyrA	16713	19475	+	gyrA_D87N	Pseudomonas aeruginosa quinolone resistant GyrA	AMR	core	POINT	QUINOLONE	QUINOLONE	POINTX	100.0	99.57
Pseudomonas aeruginosa		SAMN29441961	PDT001395216.2	JANKQZ010000001.1	gyrA	16711	19473	+	gyrA_T83I	Pseudomonas aeruginosa quinolone resistant GyrA	AMR	core	POINT	QUINOLONE	QUINOLONE	POINTX	100.0	99.57
Pseudomonas aeruginosa		SAMN29441957	PDT001395219.2	JANKRD010000010.1	gyrA	16711	19473	+	gyrA_D87N	Pseudomonas aeruginosa quinolone resistant GyrA	AMR	core	POINT	QUINOLONE	QUINOLONE	POINTX	100.0	99.57
Pseudomonas aeruginosa		SAMN29441956	PDT001395221.2	JANKRE010000012.1	gyrA	16711	19473	+	gyrA_D87N	Pseudomonas aeruginosa quinolone resistant GyrA	AMR	core	POINT	QUINOLONE	QUINOLONE	POINTX	100.0	99.57
Pseudomonas aeruginosa		SAMN29441955	PDT001395224.2	JANKRF010000009.1	gyrA	16711	19473	+	gyrA_D87N	Pseudomonas aeruginosa quinolone resistant GyrA	AMR	core	POINT	QUINOLONE	QUINOLONE	POINTX	100.0	99.57
Pseudomonas aeruginosa		SAMN29441951	PDT001395228.2	JANKRJ010000001.1	gyrA	16711	19473	+	gyrA_T83I	Pseudomonas aeruginosa quinolone resistant GyrA	AMR	core	POINT	QUINOLONE	QUINOLONE	POINTX	100.0	99.57
Pseudomonas aeruginosa		SAMN29441950	PDT001395230.2	JANKRK010000011.1	gyrA	16711	19473	+	gyrA_D87N	Pseudomonas aeruginosa quinolone resistant GyrA	AMR	core	POINT	QUINOLONE	QUINOLONE	POINTX	100.0	99.57
Pseudomonas aeruginosa		SAMN29441948	PDT001395231.2	JANKRM010000011.1	gyrA	16711	19473	+	gyrA_D87N	Pseudomonas aeruginosa quinolone resistant GyrA	AMR	core	POINT	QUINOLONE	QUINOLONE	POINTX	100.0	99.57
Pseudomonas aeruginosa		SAMN29441945	PDT001395232.2	JANKRP010000001.1	gyrA	16711	19473	+	gyrA_T83I	Pseudomonas aeruginosa quinolone resistant GyrA	AMR	core	POINT	QUINOLONE	QUINOLONE	POINTX	100.0	99.57
Pseudomonas aeruginosa		SAMN29441946	PDT001395233.2	JANKRO010000016.1	gyrA	72278	75040	-	gyrA_D87N	Pseudomonas aeruginosa quinolone resistant GyrA	AMR	core	POINT	QUINOLONE	QUINOLONE	POINTX	100.0	99.57
Pseudomonas aeruginosa		SAMN29441943	PDT001395234.2	JANKRR010000015.1	gyrA	72569	75331	-	gyrA_D87N	Pseudomonas aeruginosa quinolone resistant GyrA	AMR	core	POINT	QUINOLONE	QUINOLONE	POINTX	100.0	99.57
Pseudomonas aeruginosa		SAMN29441942	PDT001395235.2	JANKRS010000011.1	gyrA	16711	19473	+	gyrA_D87N	Pseudomonas aeruginosa quinolone resistant GyrA	AMR	core	POINT	QUINOLONE	QUINOLONE	POINTX	100.0	99.57
Pseudomonas aeruginosa		SAMN29441940	PDT001395236.2	JANKRU010000001.1	gyrA	16711	19473	+	gyrA_T83I	Pseudomonas aeruginosa quinolone resistant GyrA	AMR	core	POINT	QUINOLONE	QUINOLONE	POINTX	100.0	99.57
Pseudomonas aeruginosa		SAMN29441941	PDT001395239.2	JANKRT010000001.1	gyrA	16711	19473	+	gyrA_T83I	Pseudomonas aeruginosa quinolone resistant GyrA	AMR	core	POINT	QUINOLONE	QUINOLONE	POINTX	100.0	99.57
Pseudomonas aeruginosa		SAMN29441935	PDT001395241.2	JANKRZ010000005.1	gyrA	16711	19473	+	gyrA_D87N	Pseudomonas aeruginosa quinolone resistant GyrA	AMR	core	POINT	QUINOLONE	QUINOLONE	POINTX	100.0	99.57
Pseudomonas aeruginosa		SAMN29441934	PDT001395242.2	JANKSA010000011.1	parC	26026	28287	+	parC_S87L	Pseudomonas aeruginosa quinolone resistant ParC	AMR	core	POINT	QUINOLONE	QUINOLONE	POINTX	100.0	99.73
Pseudomonas aeruginosa		SAMN29441936	PDT001395244.2	JANKRY010000001.1	gyrA	16711	19473	+	gyrA_T83I	Pseudomonas aeruginosa quinolone resistant GyrA	AMR	core	POINT	QUINOLONE	QUINOLONE	POINTX	100.0	99.57
Pseudomonas aeruginosa		SAMN29441933	PDT001395245.2	JANKSB010000002.1	gyrA	7174	9936	+	gyrA_T83I	Pseudomonas aeruginosa quinolone resistant GyrA	AMR	core	POINT	QUINOLONE	QUINOLONE	POINTX	100.0	99.57
Pseudomonas aeruginosa		SAMN29441930	PDT001395246.2	JANKSE010000023.1	parC	30396	32657	-	parC_S87L	Pseudomonas aeruginosa quinolone resistant ParC	AMR	core	POINT	QUINOLONE	QUINOLONE	POINTX	100.0	99.73
Pseudomonas aeruginosa		SAMN29441920	PDT001395255.2	JANKSO010000009.1	gyrA	33202	35964	-	gyrA_T83I	Pseudomonas aeruginosa quinolone resistant GyrA	AMR	core	POINT	QUINOLONE	QUINOLONE	POINTX	100.0	99.57
Pseudomonas aeruginosa		SAMN29441919	PDT001395258.2	JANKSP010000001.1	gyrA	16711	19473	+	gyrA_T83I	Pseudomonas aeruginosa quinolone resistant GyrA	AMR	core	POINT	QUINOLONE	QUINOLONE	POINTX	100.0	99.57
Pseudomonas aeruginosa		SAMN29441917	PDT001395260.2	JANKSR010000010.1	gyrA	16711	19473	+	gyrA_D87N	Pseudomonas aeruginosa quinolone resistant GyrA	AMR	core	POINT	QUINOLONE	QUINOLONE	POINTX	100.0	99.57
Pseudomonas aeruginosa		SAMN29441916	PDT001395261.2	JANKSS010000012.1	gyrA	16711	19473	+	gyrA_D87N	Pseudomonas aeruginosa quinolone resistant GyrA	AMR	core	POINT	QUINOLONE	QUINOLONE	POINTX	100.0	99.57
Pseudomonas aeruginosa		SAMN29441915	PDT001395262.2	JANKST010000001.1	gyrA	16711	19473	+	gyrA_T83I	Pseudomonas aeruginosa quinolone resistant GyrA	AMR	core	POINT	QUINOLONE	QUINOLONE	POINTX	100.0	99.57
Pseudomonas aeruginosa		SAMN29441918	PDT001395264.2	JANKSQ010000014.1	gyrA	33202	35964	-	gyrA_D87N	Pseudomonas aeruginosa quinolone resistant GyrA	AMR	core	POINT	QUINOLONE	QUINOLONE	POINTX	100.0	99.57
Pseudomonas aeruginosa		SAMN29441913	PDT001395265.2	JANKSV010000001.1	gyrA	16711	19473	+	gyrA_T83I	Pseudomonas aeruginosa quinolone resistant GyrA	AMR	core	POINT	QUINOLONE	QUINOLONE	POINTX	100.0	99.57
Pseudomonas aeruginosa		SAMN29441910	PDT001395266.2	JANKSY010000011.1	gyrA	16711	19473	+	gyrA_D87N	Pseudomonas aeruginosa quinolone resistant GyrA	AMR	core	POINT	QUINOLONE	QUINOLONE	POINTX	100.0	99.57
Pseudomonas aeruginosa		SAMN29441911	PDT001395268.2	JANKSX010000011.1	gyrA	16711	19473	+	gyrA_D87N	Pseudomonas aeruginosa quinolone resistant GyrA	AMR	core	POINT	QUINOLONE	QUINOLONE	POINTX	100.0	99.57
Pseudomonas aeruginosa		SAMN29441907	PDT001395269.2	JANKTB010000013.1	gyrA	16711	19473	+	gyrA_D87N	Pseudomonas aeruginosa quinolone resistant GyrA	AMR	core	POINT	QUINOLONE	QUINOLONE	POINTX	100.0	99.57
Pseudomonas aeruginosa		SAMN29441908	PDT001395270.2	JANKTA010000009.1	gyrA	16711	19473	+	gyrA_D87N	Pseudomonas aeruginosa quinolone resistant GyrA	AMR	core	POINT	QUINOLONE	QUINOLONE	POINTX	100.0	99.57
Pseudomonas aeruginosa		SAMN29441909	PDT001395271.2	JANKSZ010000012.1	gyrA	16711	19473	+	gyrA_D87N	Pseudomonas aeruginosa quinolone resistant GyrA	AMR	core	POINT	QUINOLONE	QUINOLONE	POINTX	100.0	99.57
Pseudomonas aeruginosa		SAMN29441904	PDT001395272.2	JANKTE010000001.1	gyrA	16711	19473	+	gyrA_T83I	Pseudomonas aeruginosa quinolone resistant GyrA	AMR	core	POINT	QUINOLONE	QUINOLONE	POINTX	100.0	99.57
Pseudomonas aeruginosa		SAMN29441906	PDT001395273.2	JANKTC010000016.1	gyrA	72276	75038	-	gyrA_D87N	Pseudomonas aeruginosa quinolone resistant GyrA	AMR	core	POINT	QUINOLONE	QUINOLONE	POINTX	100.0	99.57
Pseudomonas aeruginosa		SAMN29441901	PDT001395274.2	JANKTH010000001.1	gyrA	16711	19473	+	gyrA_T83I	Pseudomonas aeruginosa quinolone resistant GyrA	AMR	core	POINT	QUINOLONE	QUINOLONE	POINTX	100.0	99.57
Pseudomonas aeruginosa		SAMN29441905	PDT001395275.2	JANKTD010000011.1	gyrA	16711	19473	+	gyrA_D87N	Pseudomonas aeruginosa quinolone resistant GyrA	AMR	core	POINT	QUINOLONE	QUINOLONE	POINTX	100.0	99.57
Pseudomonas aeruginosa		SAMN29441903	PDT001395277.2	JANKTF010000008.1	gyrA	16711	19473	+	gyrA_D87N	Pseudomonas aeruginosa quinolone resistant GyrA	AMR	core	POINT	QUINOLONE	QUINOLONE	POINTX	100.0	99.57
Pseudomonas aeruginosa		SAMN29441891	PDT001395288.2	JANKTR010000015.1	gyrA	16711	19473	+	gyrA_D87N	Pseudomonas aeruginosa quinolone resistant GyrA	AMR	core	POINT	QUINOLONE	QUINOLONE	POINTX	100.0	99.57
Pseudomonas aeruginosa		SAMN29441883	PDT001395349.2	JANKTZ010000006.1	parC	108547	110808	-	parC_S87L	Pseudomonas aeruginosa quinolone resistant ParC	AMR	core	POINT	QUINOLONE	QUINOLONE	POINTX	100.0	99.73
Pseudomonas aeruginosa		SAMN29441872	PDT001395361.2	JANKUK010000021.1	parC	100010	102271	-	parC_S87L	Pseudomonas aeruginosa quinolone resistant ParC	AMR	core	POINT	QUINOLONE	QUINOLONE	POINTX	100.0	99.73
Pseudomonas aeruginosa		SAMN29441868	PDT001395364.2	JANKUO010000010.1	gyrA	16711	19473	+	gyrA_D87N	Pseudomonas aeruginosa quinolone resistant GyrA	AMR	core	POINT	QUINOLONE	QUINOLONE	POINTX	100.0	99.57
Pseudomonas aeruginosa		SAMN29441869	PDT001395365.2	JANKUN010000009.1	gyrA	16711	19473	+	gyrA_D87N	Pseudomonas aeruginosa quinolone resistant GyrA	AMR	core	POINT	QUINOLONE	QUINOLONE	POINTX	100.0	99.57
Pseudomonas aeruginosa		SAMN29441861	PDT001395372.2	JANKUV010000001.1	gyrA	16711	19473	+	gyrA_T83I	Pseudomonas aeruginosa quinolone resistant GyrA	AMR	core	POINT	QUINOLONE	QUINOLONE	POINTX	100.0	99.57
Pseudomonas aeruginosa		SAMN29441852	PDT001395381.2	JANKVE010000011.1	parC	64499	66760	+	parC_S87L	Pseudomonas aeruginosa quinolone resistant ParC	AMR	core	POINT	QUINOLONE	QUINOLONE	POINTX	100.0	99.73
Pseudomonas aeruginosa		SAMN29441849	PDT001395384.2	JANKVH010000013.1	parC	64569	66830	+	parC_S87L	Pseudomonas aeruginosa quinolone resistant ParC	AMR	core	POINT	QUINOLONE	QUINOLONE	POINTX	100.0	99.73
Pseudomonas aeruginosa		SAMN29441847	PDT001395385.2	JANKVJ010000016.1	gyrA	1578	4340	+	gyrA_D87N	Pseudomonas aeruginosa quinolone resistant GyrA	AMR	core	POINT	QUINOLONE	QUINOLONE	POINTX	100.0	99.57
Pseudomonas aeruginosa		SAMN29441846	PDT001395387.2	JANKVK010000016.1	gyrA	33202	35964	-	gyrA_D87N	Pseudomonas aeruginosa quinolone resistant GyrA	AMR	core	POINT	QUINOLONE	QUINOLONE	POINTX	100.0	99.57
Pseudomonas aeruginosa		SAMN29441845	PDT001395388.2	JANKVL010000015.1	gyrA	72276	75038	-	gyrA_D87N	Pseudomonas aeruginosa quinolone resistant GyrA	AMR	core	POINT	QUINOLONE	QUINOLONE	POINTX	100.0	99.57
Pseudomonas aeruginosa		SAMN29441828	PDT001395406.2	JANKWC010000001.1	gyrA	16711	19473	+	gyrA_T83I	Pseudomonas aeruginosa quinolone resistant GyrA	AMR	core	POINT	QUINOLONE	QUINOLONE	POINTX	100.0	99.57
Pseudomonas aeruginosa		SAMN29441820	PDT001395413.2	JANKWK010000007.1	parC	64116	66377	+	parC_S87L	Pseudomonas aeruginosa quinolone resistant ParC	AMR	core	POINT	QUINOLONE	QUINOLONE	POINTX	100.0	99.73
Pseudomonas aeruginosa		SAMN29441802	PDT001395430.2	JANKXC010000017.1	parC	30307	32568	-	parC_S87L	Pseudomonas aeruginosa quinolone resistant ParC	AMR	core	POINT	QUINOLONE	QUINOLONE	POINTX	100.0	99.6
Pseudomonas aeruginosa		SAMN29441793	PDT001395440.2	JANKXL010000017.1	gyrA	16711	19473	+	gyrA_T83I	Pseudomonas aeruginosa quinolone resistant GyrA	AMR	core	POINT	QUINOLONE	QUINOLONE	POINTX	100.0	99.67
Pseudomonas aeruginosa		SAMN29441789	PDT001395444.2	JANKXP010000010.1	parC	64533	66794	+	parC_S87L	Pseudomonas aeruginosa quinolone resistant ParC	AMR	core	POINT	QUINOLONE	QUINOLONE	POINTX	100.0	99.73
Pseudomonas aeruginosa		SAMN29441787	PDT001395447.2	JANKXR010000009.1	parC	119710	121971	+	parC_S87L	Pseudomonas aeruginosa quinolone resistant ParC	AMR	core	POINT	QUINOLONE	QUINOLONE	POINTX	100.0	99.73
Pseudomonas aeruginosa		SAMN29441779	PDT001395454.2	JANKXZ010000011.1	parC	30306	32567	-	parC_S87L	Pseudomonas aeruginosa quinolone resistant ParC	AMR	core	POINT	QUINOLONE	QUINOLONE	POINTX	100.0	99.73
Pseudomonas aeruginosa	EKS3062193.1	SAMN34104072	PDT001684050.1	ABLKOJ010000002.1	parC	302634	304898	-	parC_S87L	Pseudomonas aeruginosa quinolone resistant ParC	AMR	core	POINT	QUINOLONE	QUINOLONE	POINTP	100.0	99.87
Pseudomonas aeruginosa	WP_004347647.1	SAMN40282113	PDT002110218.1	NZ_JBAWUE010000003.1	parE	114241	116130	+	parE_A473V	Pseudomonas aeruginosa quinolone resistant ParE	AMR	core	POINT	QUINOLONE	QUINOLONE	POINTP	100.0	99.68
Pseudomonas aeruginosa		SAMN33819354	PDT002145656.1	JARLLY010000006.1	mexZ	226111	226741	+	mexZ_Y110LfsTer201	Pseudomonas aeruginosa aminoglycoside/cefepime/fluoroquinolone resistant MexZ	AMR	core	POINT_DISRUPT	AMINOGLYCOSIDE/BETA-LACTAM/QUINOLONE	AMINOGLYCOSIDE/CEFEPIME/FLUOROQUINOLONE	POINTX	100.0	100.0
Pseudomonas aeruginosa		SAMN33819319	PDT002145734.1	JARLNH010000002.1	parC	30579	32840	-	parC_S87L	Pseudomonas aeruginosa quinolone resistant ParC	AMR	core	POINT	QUINOLONE	QUINOLONE	POINTX	100.0	99.87
Pseudomonas aeruginosa		SAMN33819273	PDT002146205.1	JARLPB010000005.1	parE	10648	12534	+	parE_A473V	Pseudomonas aeruginosa quinolone resistant ParE	AMR	core	POINT	QUINOLONE	QUINOLONE	POINTX	100.0	99.68
Pseudomonas aeruginosa		SAMN33819272	PDT002146209.1	JARLPC010000002.1	parC	74648	76909	+	parC_S87L	Pseudomonas aeruginosa quinolone resistant ParC	AMR	core	POINT	QUINOLONE	QUINOLONE	POINTX	100.0	99.87
Pseudomonas aeruginosa	HHZ8752158.1	SAMN48878321	PDT002991609.1	DBKSEX010000003.1	gyrA	366014	368779	-	gyrA_T83I	Pseudomonas aeruginosa quinolone resistant GyrA	AMR	core	POINT	QUINOLONE	QUINOLONE	POINTP	100.0	99.67
Pseudomonas aeruginosa	HHZ8001492.1	SAMN48878296	PDT002991891.1	DBKRYN010000003.1	parE	312395	314284	-	parE_A473V	Pseudomonas aeruginosa quinolone resistant ParE	AMR	core	POINT	QUINOLONE	QUINOLONE	POINTP	100.0	99.68
Pseudomonas aeruginosa	WP_034065700.1	SAMN60257164	PDT003226852.1	NZ_JBYMUU010000007.1	parC	102290	104554	-	parC_S87L	Pseudomonas aeruginosa quinolone resistant ParC	AMR	core	POINT	QUINOLONE	QUINOLONE	POINTP	100.0	99.73
Pseudomonas aeruginosa	EIU7078062.1	SAMN04096273	PDT000084290.3	ABEVIW010000003.1	parC	167030	169294	-	parC_S87L	Pseudomonas aeruginosa quinolone resistant ParC	AMR	core	POINT	QUINOLONE	QUINOLONE	POINTP	100.0	99.73
Pseudomonas aeruginosa	EIU7137060.1	SAMN05806171	PDT000150947.2	ABEVIO010000007.1	gyrA	17628	20399	+	gyrA_T83I	Pseudomonas aeruginosa quinolone resistant GyrA	AMR	core	POINT	QUINOLONE	QUINOLONE	POINTP	100.0	99.78
Pseudomonas aeruginosa	EIU7093429.1	SAMN06311514	PDT000186894.2	ABEVIY010000007.1	parC	13685	15949	+	parC_S87L	Pseudomonas aeruginosa quinolone resistant ParC	AMR	core	POINT	QUINOLONE	QUINOLONE	POINTP	100.0	99.87
Pseudomonas aeruginosa		SAMN07291535	PDT000311292.1	NZ_CP029090.1	mexZ	2756172	2756793	-	mexZ_L154RfsTer154	Pseudomonas aeruginosa aminoglycoside/cefepime/fluoroquinolone resistant MexZ	AMR	core	POINT_DISRUPT	AMINOGLYCOSIDE/BETA-LACTAM/QUINOLONE	AMINOGLYCOSIDE/CEFEPIME/FLUOROQUINOLONE	POINTX	100.0	99.52
Pseudomonas aeruginosa	WP_012613862.1	SAMN07291533	PDT000311294.1	NZ_CP029148.1	gyrA	1086528	1089299	+	gyrA_T83I	Pseudomonas aeruginosa quinolone resistant GyrA	AMR	core	POINT	QUINOLONE	QUINOLONE	POINTP	100.0	99.89
Pseudomonas aeruginosa	WP_126543324.1	SAMN09788315	PDT000424946.1	NZ_RXSX01000003.1	gyrA	549913	552684	+	gyrA_T83I	Pseudomonas aeruginosa quinolone resistant GyrA	AMR	core	POINT	QUINOLONE	QUINOLONE	POINTP	100.0	99.78
Pseudomonas aeruginosa	WP_033992661.1	SAMN09788318	PDT000424947.1	NZ_RXTA01000019.1	gyrA	67840	70605	-	gyrA_D87N	Pseudomonas aeruginosa quinolone resistant GyrA	AMR	core	POINT	QUINOLONE	QUINOLONE	POINTP	100.0	99.02
Pseudomonas aeruginosa	WP_023124974.1	SAMN09788323	PDT000424950.1	NZ_RXTF01000011.1	gyrA	449647	452418	-	gyrA_D87Y	Pseudomonas aeruginosa quinolone resistant GyrA	AMR	core	POINT	QUINOLONE	QUINOLONE	POINTP	100.0	99.89
Pseudomonas aeruginosa	WP_012613862.1	SAMN09788331	PDT000424955.1	NZ_RXTN01000007.1	gyrA	505879	508650	-	gyrA_T83I	Pseudomonas aeruginosa quinolone resistant GyrA	AMR	core	POINT	QUINOLONE	QUINOLONE	POINTP	100.0	99.89
Pseudomonas aeruginosa		SAMN09788339	PDT000424975.1	NZ_RXTV01000008.1	mexZ	41440	42070	+	mexZ_G172RfsTer139	Pseudomonas aeruginosa aminoglycoside/cefepime/fluoroquinolone resistant MexZ	AMR	core	POINT_DISRUPT	AMINOGLYCOSIDE/BETA-LACTAM/QUINOLONE	AMINOGLYCOSIDE/CEFEPIME/FLUOROQUINOLONE	POINTX	100.0	99.52
Pseudomonas aeruginosa		SAMN09788343	PDT000424976.1	NZ_RXTZ01000006.1	mexZ	213986	214615	-	mexZ_Q69Ter	Pseudomonas aeruginosa aminoglycoside/cefepime/fluoroquinolone resistant MexZ	AMR	core	POINT	AMINOGLYCOSIDE/BETA-LACTAM/QUINOLONE	AMINOGLYCOSIDE/CEFEPIME/FLUOROQUINOLONE	POINTX	100.0	99.52
Pseudomonas aeruginosa	WP_019484695.1	SAMN09788359	PDT000424981.1	NZ_RXUP01000018.1	gyrA	16791	19556	+	gyrA_T83I	Pseudomonas aeruginosa quinolone resistant GyrA	AMR	core	POINT	QUINOLONE	QUINOLONE	POINTP	100.0	99.67
Pseudomonas aeruginosa	WP_014603516.1	SAMN09788360	PDT000424984.1	NZ_RXUQ01000019.1	parC	66722	68986	+	parC_S87L	Pseudomonas aeruginosa quinolone resistant ParC	AMR	core	POINT	QUINOLONE	QUINOLONE	POINTP	100.0	99.87
Pseudomonas aeruginosa	WP_019484695.1	SAMN09788341	PDT000425005.1	NZ_RXTX01000012.1	gyrA	16713	19478	+	gyrA_T83I	Pseudomonas aeruginosa quinolone resistant GyrA	AMR	core	POINT	QUINOLONE	QUINOLONE	POINTP	100.0	99.67
Pseudomonas aeruginosa	WP_043550300.1	SAMN09788355	PDT000425009.1	NZ_RXUL01000011.1	parE	85836	87725	+	parE_S457G	Pseudomonas aeruginosa quinolone resistant ParE	AMR	core	POINT	QUINOLONE	QUINOLONE	POINTP	100.0	99.84
Pseudomonas aeruginosa	WP_012613862.1	SAMN09788358	PDT000425011.1	NZ_RXUO01000025.1	gyrA	16711	19482	+	gyrA_T83I	Pseudomonas aeruginosa quinolone resistant GyrA	AMR	core	POINT	QUINOLONE	QUINOLONE	POINTP	100.0	99.89
Pseudomonas aeruginosa	WP_033939219.1	SAMN09788405	PDT000425032.1	NZ_RXWL01000018.1	parC	44459	46723	+	parC_S87L	Pseudomonas aeruginosa quinolone resistant ParC	AMR	core	POINT	QUINOLONE	QUINOLONE	POINTP	100.0	99.73
Pseudomonas aeruginosa	WP_004347647.1	SAMN09788377	PDT000430059.1	NZ_RXVJ01000002.1	parE	304968	306857	-	parE_A473V	Pseudomonas aeruginosa quinolone resistant ParE	AMR	core	POINT	QUINOLONE	QUINOLONE	POINTP	100.0	99.68
Pseudomonas aeruginosa		SAMN29442019	PDT001395159.2	JANKOT010000002.1	parC	374883	377144	+	parC_S87L	Pseudomonas aeruginosa quinolone resistant ParC	AMR	core	POINT	QUINOLONE	QUINOLONE	POINTX	100.0	99.73
Pseudomonas aeruginosa		SAMN29442017	PDT001395161.2	JANKOV010000005.1	gyrA	16711	19473	+	gyrA_T83I	Pseudomonas aeruginosa quinolone resistant GyrA	AMR	core	POINT	QUINOLONE	QUINOLONE	POINTX	100.0	99.57
Pseudomonas aeruginosa		SAMN29442015	PDT001395163.2	JANKOX010000013.1	gyrA	7259	10021	-	gyrA_T83I	Pseudomonas aeruginosa quinolone resistant GyrA	AMR	core	POINT	QUINOLONE	QUINOLONE	POINTX	100.0	99.57
Pseudomonas aeruginosa		SAMN29442014	PDT001395164.2	JANKOY010000008.1	gyrA	16711	19473	+	gyrA_T83I	Pseudomonas aeruginosa quinolone resistant GyrA	AMR	core	POINT	QUINOLONE	QUINOLONE	POINTX	100.0	99.57
Pseudomonas aeruginosa		SAMN29442011	PDT001395165.2	JANKPB010000007.1	gyrA	16711	19473	+	gyrA_T83I	Pseudomonas aeruginosa quinolone resistant GyrA	AMR	core	POINT	QUINOLONE	QUINOLONE	POINTX	100.0	99.57
Pseudomonas aeruginosa		SAMN29442013	PDT001395167.2	JANKOZ010000012.1	gyrA	16711	19473	+	gyrA_T83I	Pseudomonas aeruginosa quinolone resistant GyrA	AMR	core	POINT	QUINOLONE	QUINOLONE	POINTX	100.0	99.57
Pseudomonas aeruginosa		SAMN29442012	PDT001395168.2	JANKPA010000008.1	gyrA	16711	19473	+	gyrA_T83I	Pseudomonas aeruginosa quinolone resistant GyrA	AMR	core	POINT	QUINOLONE	QUINOLONE	POINTX	100.0	99.57
Pseudomonas aeruginosa		SAMN29441996	PDT001395182.2	JANKPQ010000010.1	gyrA	16711	19473	+	gyrA_T83I	Pseudomonas aeruginosa quinolone resistant GyrA	AMR	core	POINT	QUINOLONE	QUINOLONE	POINTX	100.0	99.57
Pseudomonas aeruginosa		SAMN29441995	PDT001395184.2	JANKPR010000014.1	gyrA	16711	19473	+	gyrA_T83I	Pseudomonas aeruginosa quinolone resistant GyrA	AMR	core	POINT	QUINOLONE	QUINOLONE	POINTX	100.0	99.57
Pseudomonas aeruginosa		SAMN29441993	PDT001395186.2	JANKPT010000010.1	gyrA	16711	19473	+	gyrA_T83I	Pseudomonas aeruginosa quinolone resistant GyrA	AMR	core	POINT	QUINOLONE	QUINOLONE	POINTX	100.0	99.57
Pseudomonas aeruginosa		SAMN29441984	PDT001395194.2	JANKQC010000011.1	gyrA	16711	19473	+	gyrA_T83I	Pseudomonas aeruginosa quinolone resistant GyrA	AMR	core	POINT	QUINOLONE	QUINOLONE	POINTX	100.0	99.57
Pseudomonas aeruginosa		SAMN29441985	PDT001395195.2	JANKQB010000010.1	gyrA	16711	19473	+	gyrA_T83I	Pseudomonas aeruginosa quinolone resistant GyrA	AMR	core	POINT	QUINOLONE	QUINOLONE	POINTX	100.0	99.57
Pseudomonas aeruginosa		SAMN29441980	PDT001395200.2	JANKQG010000010.1	gyrA	16713	19475	+	gyrA_T83I	Pseudomonas aeruginosa quinolone resistant GyrA	AMR	core	POINT	QUINOLONE	QUINOLONE	POINTX	100.0	99.57
Pseudomonas aeruginosa		SAMN29441975	PDT001395203.2	JANKQL010000015.1	gyrA	72275	75037	-	gyrA_T83I	Pseudomonas aeruginosa quinolone resistant GyrA	AMR	core	POINT	QUINOLONE	QUINOLONE	POINTX	100.0	99.57
Pseudomonas aeruginosa		SAMN29441969	PDT001395207.2	JANKQR010000015.1	gyrA	59382	62144	-	gyrA_T83I	Pseudomonas aeruginosa quinolone resistant GyrA	AMR	core	POINT	QUINOLONE	QUINOLONE	POINTX	100.0	99.57
Pseudomonas aeruginosa		SAMN29441967	PDT001395208.2	JANKQT010000009.1	gyrA	16711	19473	+	gyrA_T83I	Pseudomonas aeruginosa quinolone resistant GyrA	AMR	core	POINT	QUINOLONE	QUINOLONE	POINTX	100.0	99.57
Pseudomonas aeruginosa		SAMN29441968	PDT001395210.2	JANKQS010000020.1	gyrA	71632	74394	-	gyrA_T83I	Pseudomonas aeruginosa quinolone resistant GyrA	AMR	core	POINT	QUINOLONE	QUINOLONE	POINTX	100.0	99.57
Pseudomonas aeruginosa		SAMN29441966	PDT001395213.2	JANKQU010000017.1	gyrA	16716	19478	+	gyrA_D87N	Pseudomonas aeruginosa quinolone resistant GyrA	AMR	core	POINT	QUINOLONE	QUINOLONE	POINTX	100.0	99.57
Pseudomonas aeruginosa		SAMN29441962	PDT001395215.2	JANKQY010000013.1	gyrA	16713	19475	+	gyrA_T83I	Pseudomonas aeruginosa quinolone resistant GyrA	AMR	core	POINT	QUINOLONE	QUINOLONE	POINTX	100.0	99.57
Pseudomonas aeruginosa		SAMN29441957	PDT001395219.2	JANKRD010000010.1	gyrA	16711	19473	+	gyrA_T83I	Pseudomonas aeruginosa quinolone resistant GyrA	AMR	core	POINT	QUINOLONE	QUINOLONE	POINTX	100.0	99.57
Pseudomonas aeruginosa		SAMN29441956	PDT001395221.2	JANKRE010000012.1	gyrA	16711	19473	+	gyrA_T83I	Pseudomonas aeruginosa quinolone resistant GyrA	AMR	core	POINT	QUINOLONE	QUINOLONE	POINTX	100.0	99.57
Pseudomonas aeruginosa		SAMN29441955	PDT001395224.2	JANKRF010000009.1	gyrA	16711	19473	+	gyrA_T83I	Pseudomonas aeruginosa quinolone resistant GyrA	AMR	core	POINT	QUINOLONE	QUINOLONE	POINTX	100.0	99.57
Pseudomonas aeruginosa		SAMN29441950	PDT001395230.2	JANKRK010000011.1	gyrA	16711	19473	+	gyrA_T83I	Pseudomonas aeruginosa quinolone resistant GyrA	AMR	core	POINT	QUINOLONE	QUINOLONE	POINTX	100.0	99.57
Pseudomonas aeruginosa		SAMN29441948	PDT001395231.2	JANKRM010000011.1	gyrA	16711	19473	+	gyrA_T83I	Pseudomonas aeruginosa quinolone resistant GyrA	AMR	core	POINT	QUINOLONE	QUINOLONE	POINTX	100.0	99.57
Pseudomonas aeruginosa		SAMN29441946	PDT001395233.2	JANKRO010000016.1	gyrA	72278	75040	-	gyrA_T83I	Pseudomonas aeruginosa quinolone resistant GyrA	AMR	core	POINT	QUINOLONE	QUINOLONE	POINTX	100.0	99.57
Pseudomonas aeruginosa		SAMN29441943	PDT001395234.2	JANKRR010000015.1	gyrA	72569	75331	-	gyrA_T83I	Pseudomonas aeruginosa quinolone resistant GyrA	AMR	core	POINT	QUINOLONE	QUINOLONE	POINTX	100.0	99.57
Pseudomonas aeruginosa		SAMN29441942	PDT001395235.2	JANKRS010000011.1	gyrA	16711	19473	+	gyrA_T83I	Pseudomonas aeruginosa quinolone resistant GyrA	AMR	core	POINT	QUINOLONE	QUINOLONE	POINTX	100.0	99.57
Pseudomonas aeruginosa		SAMN29441935	PDT001395241.2	JANKRZ010000005.1	gyrA	16711	19473	+	gyrA_T83I	Pseudomonas aeruginosa quinolone resistant GyrA	AMR	core	POINT	QUINOLONE	QUINOLONE	POINTX	100.0	99.57
Pseudomonas aeruginosa		SAMN29441920	PDT001395255.2	JANKSO010000013.1	parC	24221	26482	+	parC_S87L	Pseudomonas aeruginosa quinolone resistant ParC	AMR	core	POINT	QUINOLONE	QUINOLONE	POINTX	100.0	99.73
Pseudomonas aeruginosa		SAMN29441917	PDT001395260.2	JANKSR010000010.1	gyrA	16711	19473	+	gyrA_T83I	Pseudomonas aeruginosa quinolone resistant GyrA	AMR	core	POINT	QUINOLONE	QUINOLONE	POINTX	100.0	99.57
Pseudomonas aeruginosa		SAMN29441916	PDT001395261.2	JANKSS010000012.1	gyrA	16711	19473	+	gyrA_T83I	Pseudomonas aeruginosa quinolone resistant GyrA	AMR	core	POINT	QUINOLONE	QUINOLONE	POINTX	100.0	99.57
Pseudomonas aeruginosa		SAMN29441918	PDT001395264.2	JANKSQ010000014.1	gyrA	33202	35964	-	gyrA_T83I	Pseudomonas aeruginosa quinolone resistant GyrA	AMR	core	POINT	QUINOLONE	QUINOLONE	POINTX	100.0	99.57
Pseudomonas aeruginosa		SAMN29441910	PDT001395266.2	JANKSY010000011.1	gyrA	16711	19473	+	gyrA_T83I	Pseudomonas aeruginosa quinolone resistant GyrA	AMR	core	POINT	QUINOLONE	QUINOLONE	POINTX	100.0	99.57
Pseudomonas aeruginosa		SAMN29441911	PDT001395268.2	JANKSX010000011.1	gyrA	16711	19473	+	gyrA_T83I	Pseudomonas aeruginosa quinolone resistant GyrA	AMR	core	POINT	QUINOLONE	QUINOLONE	POINTX	100.0	99.57
Pseudomonas aeruginosa		SAMN29441907	PDT001395269.2	JANKTB010000013.1	gyrA	16711	19473	+	gyrA_T83I	Pseudomonas aeruginosa quinolone resistant GyrA	AMR	core	POINT	QUINOLONE	QUINOLONE	POINTX	100.0	99.57
Pseudomonas aeruginosa		SAMN29441908	PDT001395270.2	JANKTA010000009.1	gyrA	16711	19473	+	gyrA_T83I	Pseudomonas aeruginosa quinolone resistant GyrA	AMR	core	POINT	QUINOLONE	QUINOLONE	POINTX	100.0	99.57
Pseudomonas aeruginosa		SAMN29441909	PDT001395271.2	JANKSZ010000012.1	gyrA	16711	19473	+	gyrA_T83I	Pseudomonas aeruginosa quinolone resistant GyrA	AMR	core	POINT	QUINOLONE	QUINOLONE	POINTX	100.0	99.57
Pseudomonas aeruginosa		SAMN29441906	PDT001395273.2	JANKTC010000016.1	gyrA	72276	75038	-	gyrA_T83I	Pseudomonas aeruginosa quinolone resistant GyrA	AMR	core	POINT	QUINOLONE	QUINOLONE	POINTX	100.0	99.57
Pseudomonas aeruginosa		SAMN29441905	PDT001395275.2	JANKTD010000011.1	gyrA	16711	19473	+	gyrA_T83I	Pseudomonas aeruginosa quinolone resistant GyrA	AMR	core	POINT	QUINOLONE	QUINOLONE	POINTX	100.0	99.57
Pseudomonas aeruginosa		SAMN29441903	PDT001395277.2	JANKTF010000008.1	gyrA	16711	19473	+	gyrA_T83I	Pseudomonas aeruginosa quinolone resistant GyrA	AMR	core	POINT	QUINOLONE	QUINOLONE	POINTX	100.0	99.57
Pseudomonas aeruginosa		SAMN29441891	PDT001395288.2	JANKTR010000015.1	gyrA	16711	19473	+	gyrA_T83I	Pseudomonas aeruginosa quinolone resistant GyrA	AMR	core	POINT	QUINOLONE	QUINOLONE	POINTX	100.0	99.57
Pseudomonas aeruginosa		SAMN29441878	PDT001395355.2	JANKUE010000019.1	parC	100059	102320	-	parC_S87L	Pseudomonas aeruginosa quinolone resistant ParC	AMR	core	POINT	QUINOLONE	QUINOLONE	POINTX	100.0	99.73
Pseudomonas aeruginosa		SAMN29441868	PDT001395364.2	JANKUO010000010.1	gyrA	16711	19473	+	gyrA_T83I	Pseudomonas aeruginosa quinolone resistant GyrA	AMR	core	POINT	QUINOLONE	QUINOLONE	POINTX	100.0	99.57
Pseudomonas aeruginosa		SAMN29441869	PDT001395365.2	JANKUN010000009.1	gyrA	16711	19473	+	gyrA_T83I	Pseudomonas aeruginosa quinolone resistant GyrA	AMR	core	POINT	QUINOLONE	QUINOLONE	POINTX	100.0	99.57
Pseudomonas aeruginosa		SAMN29441847	PDT001395385.2	JANKVJ010000016.1	gyrA	1578	4340	+	gyrA_T83I	Pseudomonas aeruginosa quinolone resistant GyrA	AMR	core	POINT	QUINOLONE	QUINOLONE	POINTX	100.0	99.57
Pseudomonas aeruginosa		SAMN29441846	PDT001395387.2	JANKVK010000016.1	gyrA	33202	35964	-	gyrA_T83I	Pseudomonas aeruginosa quinolone resistant GyrA	AMR	core	POINT	QUINOLONE	QUINOLONE	POINTX	100.0	99.57
Pseudomonas aeruginosa		SAMN29441845	PDT001395388.2	JANKVL010000015.1	gyrA	72276	75038	-	gyrA_T83I	Pseudomonas aeruginosa quinolone resistant GyrA	AMR	core	POINT	QUINOLONE	QUINOLONE	POINTX	100.0	99.57
Pseudomonas aeruginosa		SAMN29441805	PDT001395427.2	JANKWZ010000012.1	parC	106247	108508	+	parC_S87L	Pseudomonas aeruginosa quinolone resistant ParC	AMR	core	POINT	QUINOLONE	QUINOLONE	POINTX	100.0	99.73
Pseudomonas aeruginosa		SAMN29505225	PDT001677740.1	DAOEXI010000006.1	mexZ	218188	218818	-	mexZ_T32NfsTer279	Pseudomonas aeruginosa aminoglycoside/cefepime/fluoroquinolone resistant MexZ	AMR	core	POINT_DISRUPT	AMINOGLYCOSIDE/BETA-LACTAM/QUINOLONE	AMINOGLYCOSIDE/CEFEPIME/FLUOROQUINOLONE	POINTX	100.0	99.52
Pseudomonas aeruginosa	EML7039275.1	SAMN34104070	PDT001684052.2	ABLKOG020000002.1	parC	302646	304910	-	parC_S87L	Pseudomonas aeruginosa quinolone resistant ParC	AMR	core	POINT	QUINOLONE	QUINOLONE	POINTP	100.0	99.87
Pseudomonas aeruginosa	WP_019484695.1	SAMN33329571	PDT001778385.1	NZ_CP121766.1	gyrA	1300547	1303312	+	gyrA_T83I	Pseudomonas aeruginosa quinolone resistant GyrA	AMR	core	POINT	QUINOLONE	QUINOLONE	POINTP	100.0	99.67
Pseudomonas aeruginosa		SAMN33819319	PDT002145734.1	JARLNH010000002.1	parE	34385	36271	-	parE_A473V	Pseudomonas aeruginosa quinolone resistant ParE	AMR	core	POINT	QUINOLONE	QUINOLONE	POINTX	100.0	99.68
Pseudomonas aeruginosa		SAMN33819257	PDT002146225.1	JARLPR010000012.1	gyrB	42831	45248	-	gyrB_S466F	Pseudomonas aeruginosa quinolone resistant GyrB	AMR	core	POINT	QUINOLONE	QUINOLONE	POINTX	100.0	99.88
Pseudomonas aeruginosa	HHZ9491719.1	SAMN48878734	PDT002991309.1	DBKSLD010000006.1	parC	23464	25728	-	parC_S87L	Pseudomonas aeruginosa quinolone resistant ParC	AMR	core	POINT	QUINOLONE	QUINOLONE	POINTP	100.0	99.87
Pseudomonas aeruginosa	WP_014603516.1	SAMN60257159	PDT003226853.1	NZ_JBYMUP010000002.1	parC	274889	277153	-	parC_S87L	Pseudomonas aeruginosa quinolone resistant ParC	AMR	core	POINT	QUINOLONE	QUINOLONE	POINTP	100.0	99.87
Pseudomonas aeruginosa	WP_034065700.1	SAMN60257155	PDT003226855.1	NZ_JBYMUL010000012.1	parC	11196	13460	+	parC_S87L	Pseudomonas aeruginosa quinolone resistant ParC	AMR	core	POINT	QUINOLONE	QUINOLONE	POINTP	100.0	99.73
Pseudomonas aeruginosa	WP_034065700.1	SAMN60257146	PDT003226863.1	NZ_JBYMUD010000006.1	parC	11199	13463	+	parC_S87L	Pseudomonas aeruginosa quinolone resistant ParC	AMR	core	POINT	QUINOLONE	QUINOLONE	POINTP	100.0	99.73
Pseudomonas aeruginosa	EIU7191985.1	SAMN05510445	PDT000144509.2	ABEVIP010000006.1	gyrA	209476	212241	-	gyrA_D87G	Pseudomonas aeruginosa quinolone resistant GyrA	AMR	core	POINT	QUINOLONE	QUINOLONE	POINTP	100.0	99.67
Pseudomonas aeruginosa		SAMN07602569	PDT000326681.1	NZ_CP023255.1	mexZ	1550903	1551533	-	mexZ_Q134AfsTer177	Pseudomonas aeruginosa aminoglycoside/cefepime/fluoroquinolone resistant MexZ	AMR	core	POINT_DISRUPT	AMINOGLYCOSIDE/BETA-LACTAM/QUINOLONE	AMINOGLYCOSIDE/CEFEPIME/FLUOROQUINOLONE	POINTX	100.0	100.0
Pseudomonas aeruginosa	WP_033992661.1	SAMN09788318	PDT000424947.1	NZ_RXTA01000019.1	gyrA	67840	70605	-	gyrA_T83I	Pseudomonas aeruginosa quinolone resistant GyrA	AMR	core	POINT	QUINOLONE	QUINOLONE	POINTP	100.0	99.02
Pseudomonas aeruginosa		SAMN09788340	PDT000424970.1	NZ_RXTW01000043.1	mexZ	16068	16697	-	mexZ_E146Ter	Pseudomonas aeruginosa aminoglycoside/cefepime/fluoroquinolone resistant MexZ	AMR	core	POINT_DISRUPT	AMINOGLYCOSIDE/BETA-LACTAM/QUINOLONE	AMINOGLYCOSIDE/CEFEPIME/FLUOROQUINOLONE	POINTX	100.0	99.52
Pseudomonas aeruginosa	WP_126590300.1	SAMN09788386	PDT000425016.1	NZ_RXVS01000035.1	gyrA	72278	75049	-	gyrA_D87N	Pseudomonas aeruginosa quinolone resistant GyrA	AMR	core	POINT	QUINOLONE	QUINOLONE	POINTP	100.0	99.78
Pseudomonas aeruginosa		SAMN09788400	PDT000425030.1	NZ_RXWG01000035.1	nfxB	7397	7941	-	nfxB_D104TfsTer131	Pseudomonas aeruginosa cefepime/chloramphenicol/fluoroquinolone/macrolide resistant NfxB	AMR	core	POINT_DISRUPT	MULTIDRUG	CEFEPIME/CHLORAMPHENICOL/FLUOROQUINOLONE/MACROLIDE	POINTX	100.0	100.0
Pseudomonas aeruginosa	WP_019484695.1	SAMN09788362	PDT000430056.1	NZ_RXUS01000012.1	gyrA	16743	19508	+	gyrA_T83I	Pseudomonas aeruginosa quinolone resistant GyrA	AMR	core	POINT	QUINOLONE	QUINOLONE	POINTP	100.0	99.67
Pseudomonas aeruginosa	WP_025271482.1	SAMN09788351	PDT000430057.1	NZ_RXUH01000006.1	gyrA	132949	135720	+	gyrA_D87N	Pseudomonas aeruginosa quinolone resistant GyrA	AMR	core	POINT	QUINOLONE	QUINOLONE	POINTP	100.0	99.89
Pseudomonas aeruginosa		SAMN29441997	PDT001395180.2	JANKPP010000021.1	parC	64525	66786	+	parC_S87L	Pseudomonas aeruginosa quinolone resistant ParC	AMR	core	POINT	QUINOLONE	QUINOLONE	POINTX	100.0	99.73
Pseudomonas aeruginosa		SAMN29441998	PDT001395181.2	JANKPO010000014.1	parC	7980	10241	-	parC_S87L	Pseudomonas aeruginosa quinolone resistant ParC	AMR	core	POINT	QUINOLONE	QUINOLONE	POINTX	100.0	99.73
Pseudomonas aeruginosa		SAMN29441982	PDT001395196.2	JANKQE010000015.1	parC	374601	376862	+	parC_S87L	Pseudomonas aeruginosa quinolone resistant ParC	AMR	core	POINT	QUINOLONE	QUINOLONE	POINTX	100.0	99.73
Pseudomonas aeruginosa		SAMN29441966	PDT001395213.2	JANKQU010000017.1	gyrA	16716	19478	+	gyrA_T83I	Pseudomonas aeruginosa quinolone resistant GyrA	AMR	core	POINT	QUINOLONE	QUINOLONE	POINTX	100.0	99.57
Pseudomonas aeruginosa	EML7040017.1	SAMN34104070	PDT001684052.2	ABLKOG020000003.1	gyrA	447377	450148	-	gyrA_T83I	Pseudomonas aeruginosa quinolone resistant GyrA	AMR	core	POINT	QUINOLONE	QUINOLONE	POINTP	100.0	99.89
Pseudomonas aeruginosa		SAMN33819338	PDT002145717.1	JARLMO010000006.1	gyrA	227016	229784	+	gyrA_D87N	Pseudomonas aeruginosa quinolone resistant GyrA	AMR	core	POINT	QUINOLONE	QUINOLONE	POINTX	100.0	99.67
Pseudomonas aeruginosa		SAMN33819261	PDT002146221.1	JARLPN010000014.1	gyrB	34512	36929	-	gyrB_S466F	Pseudomonas aeruginosa quinolone resistant GyrB	AMR	core	POINT	QUINOLONE	QUINOLONE	POINTX	100.0	99.88
Pseudomonas aeruginosa	WP_012613862.1	SAMN60257160	PDT003226851.1	NZ_JBYMUQ010000025.1	gyrA	44595	47366	-	gyrA_T83I	Pseudomonas aeruginosa quinolone resistant GyrA	AMR	core	POINT	QUINOLONE	QUINOLONE	POINTP	100.0	99.89
Pseudomonas aeruginosa	WP_019484695.1	SAMN60257164	PDT003226852.1	NZ_JBYMUU010000014.1	gyrA	47652	50417	-	gyrA_T83I	Pseudomonas aeruginosa quinolone resistant GyrA	AMR	core	POINT	QUINOLONE	QUINOLONE	POINTP	100.0	99.67
Pseudomonas aeruginosa	WP_025271482.1	SAMN07291552	PDT000352612.1	NZ_QMGQ01000001.1	gyrA	1787999	1790770	+	gyrA_D87N	Pseudomonas aeruginosa quinolone resistant GyrA	AMR	core	POINT	QUINOLONE	QUINOLONE	POINTP	100.0	99.89
Pseudomonas aeruginosa	WP_014603516.1	SAMN04014952	PDT000380983.1	NZ_CP032257.1	parC	2510230	2512494	-	parC_S87L	Pseudomonas aeruginosa quinolone resistant ParC	AMR	core	POINT	QUINOLONE	QUINOLONE	POINTP	100.0	99.87
Pseudomonas aeruginosa	WP_012613862.1	SAMN09788385	PDT000424997.1	NZ_RXVR01000044.1	gyrA	127036	129807	-	gyrA_T83I	Pseudomonas aeruginosa quinolone resistant GyrA	AMR	core	POINT	QUINOLONE	QUINOLONE	POINTP	100.0	99.89
Pseudomonas aeruginosa	WP_012613862.1	SAMN09788401	PDT000425021.1	NZ_RXWH01000029.1	gyrA	48450	51221	-	gyrA_T83I	Pseudomonas aeruginosa quinolone resistant GyrA	AMR	core	POINT	QUINOLONE	QUINOLONE	POINTP	100.0	99.89
Pseudomonas aeruginosa	WP_012613862.1	SAMN09788347	PDT000425024.1	NZ_RXUD01000049.1	gyrA	7238	10009	-	gyrA_T83I	Pseudomonas aeruginosa quinolone resistant GyrA	AMR	core	POINT	QUINOLONE	QUINOLONE	POINTP	100.0	99.89
Pseudomonas aeruginosa		SAMN29442005	PDT001395173.2	JANKPH010000013.1	parC	225978	228239	+	parC_S87L	Pseudomonas aeruginosa quinolone resistant ParC	AMR	core	POINT	QUINOLONE	QUINOLONE	POINTX	100.0	99.73
Pseudomonas aeruginosa		SAMN29442002	PDT001395176.2	JANKPK010000010.1	parC	7970	10231	-	parC_S87L	Pseudomonas aeruginosa quinolone resistant ParC	AMR	core	POINT	QUINOLONE	QUINOLONE	POINTX	100.0	99.73
Pseudomonas aeruginosa		SAMN29442001	PDT001395177.2	JANKPL010000010.1	parC	374643	376904	+	parC_S87L	Pseudomonas aeruginosa quinolone resistant ParC	AMR	core	POINT	QUINOLONE	QUINOLONE	POINTX	100.0	99.73
Pseudomonas aeruginosa		SAMN29442000	PDT001395178.2	JANKPM010000009.1	parC	7969	10230	-	parC_S87L	Pseudomonas aeruginosa quinolone resistant ParC	AMR	core	POINT	QUINOLONE	QUINOLONE	POINTX	100.0	99.73
Pseudomonas aeruginosa		SAMN29441986	PDT001395191.2	JANKQA010000011.1	parC	7966	10227	-	parC_S87L	Pseudomonas aeruginosa quinolone resistant ParC	AMR	core	POINT	QUINOLONE	QUINOLONE	POINTX	100.0	99.73
Pseudomonas aeruginosa		SAMN33819305	PDT002146176.1	JARLNV010000010.1	gyrB	34512	36929	-	gyrB_E468D	Pseudomonas aeruginosa quinolone resistant GyrB	AMR	core	POINT	QUINOLONE	QUINOLONE	POINTX	100.0	99.88
Pseudomonas aeruginosa	EPM3497097.1	SAMN50502207	PDT002875159.1	ACAFJB010000011.1	parC	5487	7751	+	parC_S87W	Pseudomonas aeruginosa quinolone resistant ParC	AMR	core	POINT	QUINOLONE	QUINOLONE	POINTP	100.0	99.73
Pseudomonas aeruginosa	HHZ8161859.1	SAMN48878499	PDT002991812.1	DBKSAH010000008.1	gyrB	182266	184686	+	gyrB_S466Y	Pseudomonas aeruginosa quinolone resistant GyrB	AMR	core	POINT	QUINOLONE	QUINOLONE	POINTP	100.0	99.88
Pseudomonas aeruginosa	WP_034065700.1	SAMN60257162	PDT003226850.1	NZ_JBYMUS010000018.1	parC	34378	36642	-	parC_S87L	Pseudomonas aeruginosa quinolone resistant ParC	AMR	core	POINT	QUINOLONE	QUINOLONE	POINTP	100.0	99.73
Pseudomonas aeruginosa	WP_034065700.1	SAMN60257147	PDT003226862.1	NZ_JBYMUE010000018.1	parC	34405	36669	-	parC_S87L	Pseudomonas aeruginosa quinolone resistant ParC	AMR	core	POINT	QUINOLONE	QUINOLONE	POINTP	100.0	99.73
Pseudomonas aeruginosa		SAMN04014905	PDT000167138.1	NZ_MPBU01000005.1	mexZ	497638	498250	+	mexZ_R147PfsTer158	Pseudomonas aeruginosa aminoglycoside/cefepime/fluoroquinolone resistant MexZ	AMR	core	POINT_DISRUPT	AMINOGLYCOSIDE/BETA-LACTAM/QUINOLONE	AMINOGLYCOSIDE/CEFEPIME/FLUOROQUINOLONE	POINTX	100.0	99.51
Pseudomonas aeruginosa	WP_012075019.1	SAMN07291538	PDT000311291.1	NZ_CP029088.1	gyrA	2183402	2186167	+	gyrA_T83I	Pseudomonas aeruginosa quinolone resistant GyrA	AMR	core	POINT	QUINOLONE	QUINOLONE	POINTP	100.0	99.13
Pseudomonas aeruginosa	WP_033940430.1	SAMN07291536	PDT000311295.1	NZ_CP029147.1	parC	2726235	2728499	-	parC_S87L	Pseudomonas aeruginosa quinolone resistant ParC	AMR	core	POINT	QUINOLONE	QUINOLONE	POINTP	100.0	99.73
Pseudomonas aeruginosa	WP_126432770.1	SAMN09788365	PDT000424972.1	NZ_RXUV01000011.1	gyrA	16716	19493	+	gyrA_T83A	Pseudomonas aeruginosa quinolone resistant GyrA	AMR	core	POINT	QUINOLONE	QUINOLONE	POINTP	100.0	99.68
Pseudomonas aeruginosa		SAMN33819360	PDT002145647.1	JARLLS010000007.1	gyrA	288691	291465	-	gyrA_T83I	Pseudomonas aeruginosa quinolone resistant GyrA	AMR	core	POINT	QUINOLONE	QUINOLONE	POINTX	100.0	99.68
Pseudomonas aeruginosa		SAMN33819233	PDT002146248.1	JARLQP010000067.1	gyrA	2016	4778	+	gyrA_T83I	Pseudomonas aeruginosa quinolone resistant GyrA	AMR	core	POINT	QUINOLONE	QUINOLONE	POINTX	100.0	99.67
Pseudomonas aeruginosa	EIU7204555.1	SAMN05374474	PDT000140738.2	ABEVIR010000008.1	gyrB	126588	129008	+	gyrB_S466Y	Pseudomonas aeruginosa quinolone resistant GyrB	AMR	core	POINT	QUINOLONE	QUINOLONE	POINTP	100.0	99.75
Pseudomonas aeruginosa		SAMN07291552	PDT000352612.1	NZ_QMGQ01000001.1	mexZ	3348847	3349484	-	mexZ_A188GfsTer53	Pseudomonas aeruginosa aminoglycoside/cefepime/fluoroquinolone resistant MexZ	AMR	core	POINT_DISRUPT	AMINOGLYCOSIDE/BETA-LACTAM/QUINOLONE	AMINOGLYCOSIDE/CEFEPIME/FLUOROQUINOLONE	POINTX	100.0	100.0
Pseudomonas aeruginosa	WP_144205169.1	SAMN12288114	PDT000551136.1	NZ_CP041786.1	gyrA	3466107	3468878	-	gyrA_T83I	Pseudomonas aeruginosa quinolone resistant GyrA	AMR	core	POINT	QUINOLONE	QUINOLONE	POINTP	100.0	99.78
Pseudomonas aeruginosa	WP_014603516.1	SAMN17616831	PDT000967878.1	NZ_JAFFGY010000010.1	parC	516655	518919	+	parC_S87L	Pseudomonas aeruginosa quinolone resistant ParC	AMR	core	POINT	QUINOLONE	QUINOLONE	POINTP	100.0	99.87
Pseudomonas aeruginosa	WP_000415714.1	SAMN23150586	PDT001211267.1	NZ_JAJJII010000054.1	qnrVC1	300	956	+	qnrVC1	quinolone resistance pentapeptide repeat protein QnrVC1	AMR	core	AMR	QUINOLONE	QUINOLONE	ALLELEP	100.0	100.0
Pseudomonas aeruginosa		SAMN29442004	PDT001395174.2	JANKPI010000003.1	gyrA	12686	15448	-	gyrA_D87N	Pseudomonas aeruginosa quinolone resistant GyrA	AMR	core	POINT	QUINOLONE	QUINOLONE	POINTX	100.0	99.57
Pseudomonas aeruginosa		SAMN29441990	PDT001395189.2	JANKPW010000001.1	gyrA	686412	689174	-	gyrA_D87N	Pseudomonas aeruginosa quinolone resistant GyrA	AMR	core	POINT	QUINOLONE	QUINOLONE	POINTX	100.0	99.57
Pseudomonas aeruginosa		SAMN29441987	PDT001395192.2	JANKPZ010000012.1	gyrA	33202	35964	-	gyrA_D87N	Pseudomonas aeruginosa quinolone resistant GyrA	AMR	core	POINT	QUINOLONE	QUINOLONE	POINTX	100.0	99.57
Pseudomonas aeruginosa		SAMN29441976	PDT001395202.2	JANKQK010000008.1	gyrA	33202	35964	-	gyrA_D87N	Pseudomonas aeruginosa quinolone resistant GyrA	AMR	core	POINT	QUINOLONE	QUINOLONE	POINTX	100.0	99.57
Pseudomonas aeruginosa		SAMN29441959	PDT001395222.2	JANKRB010000005.1	gyrA	33202	35964	-	gyrA_D87N	Pseudomonas aeruginosa quinolone resistant GyrA	AMR	core	POINT	QUINOLONE	QUINOLONE	POINTX	100.0	99.57
Pseudomonas aeruginosa		SAMN29441952	PDT001395225.2	JANKRI010000008.1	gyrA	12682	15444	-	gyrA_D87N	Pseudomonas aeruginosa quinolone resistant GyrA	AMR	core	POINT	QUINOLONE	QUINOLONE	POINTX	100.0	99.57
Pseudomonas aeruginosa		SAMN29441931	PDT001395249.2	JANKSD010000005.1	gyrA	72571	75333	-	gyrA_D87N	Pseudomonas aeruginosa quinolone resistant GyrA	AMR	core	POINT	QUINOLONE	QUINOLONE	POINTX	100.0	99.57
Pseudomonas aeruginosa		SAMN29441921	PDT001395256.2	JANKSN010000106.1	parC	64544	66805	+	parC_S87L	Pseudomonas aeruginosa quinolone resistant ParC	AMR	core	POINT	QUINOLONE	QUINOLONE	POINTX	100.0	99.73
Pseudomonas aeruginosa		SAMN29441923	PDT001395257.2	JANKSL010000101.1	parC	64606	66867	+	parC_S87L	Pseudomonas aeruginosa quinolone resistant ParC	AMR	core	POINT	QUINOLONE	QUINOLONE	POINTX	100.0	99.73
Pseudomonas aeruginosa		SAMN29441912	PDT001395267.2	JANKSW010000010.1	gyrA	33202	35964	-	gyrA_D87N	Pseudomonas aeruginosa quinolone resistant GyrA	AMR	core	POINT	QUINOLONE	QUINOLONE	POINTX	100.0	99.57
Pseudomonas aeruginosa		SAMN29441900	PDT001395276.2	JANKTI010000010.1	gyrA	33275	36037	-	gyrA_D87N	Pseudomonas aeruginosa quinolone resistant GyrA	AMR	core	POINT	QUINOLONE	QUINOLONE	POINTX	100.0	99.57
Pseudomonas aeruginosa		SAMN29441902	PDT001395278.2	JANKTG010000008.1	gyrA	33202	35964	-	gyrA_D87N	Pseudomonas aeruginosa quinolone resistant GyrA	AMR	core	POINT	QUINOLONE	QUINOLONE	POINTX	100.0	99.57
Pseudomonas aeruginosa		SAMN29441897	PDT001395283.2	JANKTL010000008.1	gyrA	33202	35964	-	gyrA_D87N	Pseudomonas aeruginosa quinolone resistant GyrA	AMR	core	POINT	QUINOLONE	QUINOLONE	POINTX	100.0	99.57
Pseudomonas aeruginosa		SAMN29441876	PDT001395357.2	JANKUG010000007.1	gyrA	72276	75038	-	gyrA_D87N	Pseudomonas aeruginosa quinolone resistant GyrA	AMR	core	POINT	QUINOLONE	QUINOLONE	POINTX	100.0	99.57
Pseudomonas aeruginosa		SAMN29441860	PDT001395373.2	JANKUW010000021.1	parC	99997	102258	-	parC_S87L	Pseudomonas aeruginosa quinolone resistant ParC	AMR	core	POINT	QUINOLONE	QUINOLONE	POINTX	100.0	99.73
Pseudomonas aeruginosa	EMJ6832896.1	SAMN34104069	PDT001684053.2	ABLKOH020000011.1	parC	83558	85822	-	parC_S87L	Pseudomonas aeruginosa quinolone resistant ParC	AMR	core	POINT	QUINOLONE	QUINOLONE	POINTP	100.0	99.87
Pseudomonas aeruginosa	EML6311254.1	SAMN36726658	PDT001830568.2	ABNHSQ020000006.1	gyrA	294854	297625	-	gyrA_T83I	Pseudomonas aeruginosa quinolone resistant GyrA	AMR	core	POINT	QUINOLONE	QUINOLONE	POINTP	100.0	99.89
Pseudomonas aeruginosa		SAMN33819298	PDT002146184.1	JARLOC010000003.1	gyrA	225976	228744	+	gyrA_T83I	Pseudomonas aeruginosa quinolone resistant GyrA	AMR	core	POINT	QUINOLONE	QUINOLONE	POINTX	100.0	99.89
Pseudomonas aeruginosa	HHZ7647459.1	SAMN48878878	PDT002991982.1	DBKRVR010000019.1	parC	47209	49473	-	parC_S87L	Pseudomonas aeruginosa quinolone resistant ParC	AMR	core	POINT	QUINOLONE	QUINOLONE	POINTP	100.0	99.87
Pseudomonas aeruginosa		SAMN60257150	PDT003235711.1	JBYOIU010000016.1	gyrA	57467	60229	+	gyrA_T83I	Pseudomonas aeruginosa quinolone resistant GyrA	AMR	core	POINT	QUINOLONE	QUINOLONE	POINTX	100.0	99.13
Pseudomonas aeruginosa		SAMN05510445	PDT000144509.2	ABEVIP010000013.1	mexZ	40968	41598	-	mexZ_I70DfsTer241	Pseudomonas aeruginosa aminoglycoside/cefepime/fluoroquinolone resistant MexZ	AMR	core	POINT_DISRUPT	AMINOGLYCOSIDE/BETA-LACTAM/QUINOLONE	AMINOGLYCOSIDE/CEFEPIME/FLUOROQUINOLONE	POINTX	100.0	100.0
Pseudomonas aeruginosa	EIU7122298.1	SAMN06007778	PDT000173722.2	ABEVIK010000015.1	gyrA	98058	100829	-	gyrA_T83I	Pseudomonas aeruginosa quinolone resistant GyrA	AMR	core	POINT	QUINOLONE	QUINOLONE	POINTP	100.0	99.89
Pseudomonas aeruginosa	WP_012613862.1	SAMN09788320	PDT000424948.1	NZ_RXTC01000009.1	gyrA	408638	411409	-	gyrA_T83I	Pseudomonas aeruginosa quinolone resistant GyrA	AMR	core	POINT	QUINOLONE	QUINOLONE	POINTP	100.0	99.89
Pseudomonas aeruginosa		SAMN09788351	PDT000430057.1	NZ_RXUH01000017.1	mexZ	164577	165206	-	mexZ_W167Ter	Pseudomonas aeruginosa aminoglycoside/cefepime/fluoroquinolone resistant MexZ	AMR	core	POINT	AMINOGLYCOSIDE/BETA-LACTAM/QUINOLONE	AMINOGLYCOSIDE/CEFEPIME/FLUOROQUINOLONE	POINTX	100.0	99.52
Pseudomonas aeruginosa		SAMN29442021	PDT001395156.2	JANKOR010000016.1	parC	106247	108508	+	parC_S87L	Pseudomonas aeruginosa quinolone resistant ParC	AMR	core	POINT	QUINOLONE	QUINOLONE	POINTX	100.0	99.73
Pseudomonas aeruginosa		SAMN29442020	PDT001395158.2	JANKOS010000009.1	parC	106247	108508	+	parC_S87L	Pseudomonas aeruginosa quinolone resistant ParC	AMR	core	POINT	QUINOLONE	QUINOLONE	POINTX	100.0	99.73
Pseudomonas aeruginosa		SAMN29442004	PDT001395174.2	JANKPI010000003.1	gyrA	12686	15448	-	gyrA_T83I	Pseudomonas aeruginosa quinolone resistant GyrA	AMR	core	POINT	QUINOLONE	QUINOLONE	POINTX	100.0	99.57
Pseudomonas aeruginosa		SAMN29441999	PDT001395179.2	JANKPN010000038.1	parC	27871	30132	+	parC_S87L	Pseudomonas aeruginosa quinolone resistant ParC	AMR	core	POINT	QUINOLONE	QUINOLONE	POINTX	100.0	99.73
Pseudomonas aeruginosa		SAMN29441992	PDT001395183.2	JANKPU010000012.1	parC	64569	66830	+	parC_S87L	Pseudomonas aeruginosa quinolone resistant ParC	AMR	core	POINT	QUINOLONE	QUINOLONE	POINTX	100.0	99.73
Pseudomonas aeruginosa		SAMN29441990	PDT001395189.2	JANKPW010000001.1	gyrA	686412	689174	-	gyrA_T83I	Pseudomonas aeruginosa quinolone resistant GyrA	AMR	core	POINT	QUINOLONE	QUINOLONE	POINTX	100.0	99.57
Pseudomonas aeruginosa		SAMN29441987	PDT001395192.2	JANKPZ010000012.1	gyrA	33202	35964	-	gyrA_T83I	Pseudomonas aeruginosa quinolone resistant GyrA	AMR	core	POINT	QUINOLONE	QUINOLONE	POINTX	100.0	99.57
Pseudomonas aeruginosa		SAMN29441976	PDT001395202.2	JANKQK010000008.1	gyrA	33202	35964	-	gyrA_T83I	Pseudomonas aeruginosa quinolone resistant GyrA	AMR	core	POINT	QUINOLONE	QUINOLONE	POINTX	100.0	99.57
Pseudomonas aeruginosa		SAMN29441974	PDT001395204.2	JANKQM010000021.1	parC	30396	32657	-	parC_S87L	Pseudomonas aeruginosa quinolone resistant ParC	AMR	core	POINT	QUINOLONE	QUINOLONE	POINTX	100.0	99.73
Pseudomonas aeruginosa		SAMN29441960	PDT001395217.2	JANKRA010000017.1	gyrA	72278	75040	-	gyrA_D87N	Pseudomonas aeruginosa quinolone resistant GyrA	AMR	core	POINT	QUINOLONE	QUINOLONE	POINTX	100.0	99.57
Pseudomonas aeruginosa		SAMN29441958	PDT001395220.2	JANKRC010000014.1	gyrA	72277	75039	-	gyrA_D87N	Pseudomonas aeruginosa quinolone resistant GyrA	AMR	core	POINT	QUINOLONE	QUINOLONE	POINTX	100.0	99.57
Pseudomonas aeruginosa		SAMN29441959	PDT001395222.2	JANKRB010000005.1	gyrA	33202	35964	-	gyrA_T83I	Pseudomonas aeruginosa quinolone resistant GyrA	AMR	core	POINT	QUINOLONE	QUINOLONE	POINTX	100.0	99.57
Pseudomonas aeruginosa		SAMN29441953	PDT001395223.2	JANKRH010000021.1	gyrA	12683	15445	-	gyrA_D87N	Pseudomonas aeruginosa quinolone resistant GyrA	AMR	core	POINT	QUINOLONE	QUINOLONE	POINTX	100.0	99.57
Pseudomonas aeruginosa		SAMN29441952	PDT001395225.2	JANKRI010000008.1	gyrA	12682	15444	-	gyrA_T83I	Pseudomonas aeruginosa quinolone resistant GyrA	AMR	core	POINT	QUINOLONE	QUINOLONE	POINTX	100.0	99.57
Pseudomonas aeruginosa		SAMN29441949	PDT001395226.2	JANKRL010000014.1	gyrA	72276	75038	-	gyrA_D87N	Pseudomonas aeruginosa quinolone resistant GyrA	AMR	core	POINT	QUINOLONE	QUINOLONE	POINTX	100.0	99.57
Pseudomonas aeruginosa		SAMN29441947	PDT001395229.2	JANKRN010000015.1	parC	64600	66861	+	parC_S87L	Pseudomonas aeruginosa quinolone resistant ParC	AMR	core	POINT	QUINOLONE	QUINOLONE	POINTX	100.0	99.73
Pseudomonas aeruginosa		SAMN29441937	PDT001395243.2	JANKRX010000018.1	gyrA	33201	35963	-	gyrA_D87N	Pseudomonas aeruginosa quinolone resistant GyrA	AMR	core	POINT	QUINOLONE	QUINOLONE	POINTX	100.0	99.57
Pseudomonas aeruginosa		SAMN29441931	PDT001395249.2	JANKSD010000005.1	gyrA	72571	75333	-	gyrA_T83I	Pseudomonas aeruginosa quinolone resistant GyrA	AMR	core	POINT	QUINOLONE	QUINOLONE	POINTX	100.0	99.57
Pseudomonas aeruginosa		SAMN29441912	PDT001395267.2	JANKSW010000010.1	gyrA	33202	35964	-	gyrA_T83I	Pseudomonas aeruginosa quinolone resistant GyrA	AMR	core	POINT	QUINOLONE	QUINOLONE	POINTX	100.0	99.57
Pseudomonas aeruginosa		SAMN29441900	PDT001395276.2	JANKTI010000010.1	gyrA	33275	36037	-	gyrA_T83I	Pseudomonas aeruginosa quinolone resistant GyrA	AMR	core	POINT	QUINOLONE	QUINOLONE	POINTX	100.0	99.57
Pseudomonas aeruginosa		SAMN29441902	PDT001395278.2	JANKTG010000008.1	gyrA	33202	35964	-	gyrA_T83I	Pseudomonas aeruginosa quinolone resistant GyrA	AMR	core	POINT	QUINOLONE	QUINOLONE	POINTX	100.0	99.57
Pseudomonas aeruginosa		SAMN29441899	PDT001395279.2	JANKTJ010000016.1	parC	64556	66817	+	parC_S87L	Pseudomonas aeruginosa quinolone resistant ParC	AMR	core	POINT	QUINOLONE	QUINOLONE	POINTX	100.0	99.73
Pseudomonas aeruginosa		SAMN29441895	PDT001395282.2	JANKTN010000012.1	parC	64542	66803	+	parC_S87L	Pseudomonas aeruginosa quinolone resistant ParC	AMR	core	POINT	QUINOLONE	QUINOLONE	POINTX	100.0	99.73
Pseudomonas aeruginosa		SAMN29441897	PDT001395283.2	JANKTL010000008.1	gyrA	33202	35964	-	gyrA_T83I	Pseudomonas aeruginosa quinolone resistant GyrA	AMR	core	POINT	QUINOLONE	QUINOLONE	POINTX	100.0	99.57
Pseudomonas aeruginosa		SAMN29441896	PDT001395284.2	JANKTM010000020.1	parC	30396	32657	-	parC_S87L	Pseudomonas aeruginosa quinolone resistant ParC	AMR	core	POINT	QUINOLONE	QUINOLONE	POINTX	100.0	99.73
Pseudomonas aeruginosa		SAMN29441894	PDT001395286.2	JANKTO010000015.1	parC	100059	102320	-	parC_S87L	Pseudomonas aeruginosa quinolone resistant ParC	AMR	core	POINT	QUINOLONE	QUINOLONE	POINTX	100.0	99.73
Pseudomonas aeruginosa		SAMN29441890	PDT001395289.2	JANKTS010000017.1	gyrA	38310	41072	-	gyrA_D87N	Pseudomonas aeruginosa quinolone resistant GyrA	AMR	core	POINT	QUINOLONE	QUINOLONE	POINTX	100.0	99.57
Pseudomonas aeruginosa		SAMN29441886	PDT001395290.2	JANKTW010000028.1	parC	30307	32568	-	parC_S87L	Pseudomonas aeruginosa quinolone resistant ParC	AMR	core	POINT	QUINOLONE	QUINOLONE	POINTX	100.0	99.73
Pseudomonas aeruginosa		SAMN29441885	PDT001395296.2	JANKTX010000013.1	parC	30306	32567	-	parC_S87L	Pseudomonas aeruginosa quinolone resistant ParC	AMR	core	POINT	QUINOLONE	QUINOLONE	POINTX	100.0	99.73
Pseudomonas aeruginosa		SAMN29441884	PDT001395350.2	JANKTY010000016.1	parC	30396	32657	-	parC_S87L	Pseudomonas aeruginosa quinolone resistant ParC	AMR	core	POINT	QUINOLONE	QUINOLONE	POINTX	100.0	99.73
Pseudomonas aeruginosa		SAMN29441881	PDT001395352.2	JANKUB010000013.1	parC	7966	10227	-	parC_S87L	Pseudomonas aeruginosa quinolone resistant ParC	AMR	core	POINT	QUINOLONE	QUINOLONE	POINTX	100.0	99.73
Pseudomonas aeruginosa		SAMN29441877	PDT001395356.2	JANKUF010000019.1	parC	7970	10231	-	parC_S87L	Pseudomonas aeruginosa quinolone resistant ParC	AMR	core	POINT	QUINOLONE	QUINOLONE	POINTX	100.0	99.73
Pseudomonas aeruginosa		SAMN29441876	PDT001395357.2	JANKUG010000007.1	gyrA	72276	75038	-	gyrA_T83I	Pseudomonas aeruginosa quinolone resistant GyrA	AMR	core	POINT	QUINOLONE	QUINOLONE	POINTX	100.0	99.57
Pseudomonas aeruginosa		SAMN29441875	PDT001395358.2	JANKUH010000022.1	parC	64544	66805	+	parC_S87L	Pseudomonas aeruginosa quinolone resistant ParC	AMR	core	POINT	QUINOLONE	QUINOLONE	POINTX	100.0	99.73
Pseudomonas aeruginosa		SAMN29441874	PDT001395359.2	JANKUI010000015.1	parC	7969	10230	-	parC_S87L	Pseudomonas aeruginosa quinolone resistant ParC	AMR	core	POINT	QUINOLONE	QUINOLONE	POINTX	100.0	99.73
Pseudomonas aeruginosa		SAMN29441863	PDT001395371.2	JANKUT010000018.1	parC	37942	40203	+	parC_S87L	Pseudomonas aeruginosa quinolone resistant ParC	AMR	core	POINT	QUINOLONE	QUINOLONE	POINTX	100.0	99.73
Pseudomonas aeruginosa		SAMN29441856	PDT001395375.2	JANKVA010000025.1	parC	60971	63232	+	parC_S87L	Pseudomonas aeruginosa quinolone resistant ParC	AMR	core	POINT	QUINOLONE	QUINOLONE	POINTX	100.0	99.73
Pseudomonas aeruginosa		SAMN29441855	PDT001395378.2	JANKVB010000027.1	parC	30396	32657	-	parC_S87L	Pseudomonas aeruginosa quinolone resistant ParC	AMR	core	POINT	QUINOLONE	QUINOLONE	POINTX	100.0	99.73
Pseudomonas aeruginosa		SAMN29441838	PDT001395395.2	JANKVS010000019.1	parC	68060	70321	-	parC_S87L	Pseudomonas aeruginosa quinolone resistant ParC	AMR	core	POINT	QUINOLONE	QUINOLONE	POINTX	100.0	99.73
Pseudomonas aeruginosa		SAMN29441836	PDT001395398.2	JANKVU010000012.1	parC	64544	66805	+	parC_S87L	Pseudomonas aeruginosa quinolone resistant ParC	AMR	core	POINT	QUINOLONE	QUINOLONE	POINTX	100.0	99.73
Pseudomonas aeruginosa		SAMN29441834	PDT001395399.2	JANKVW010000015.1	parC	61875	64136	+	parC_S87L	Pseudomonas aeruginosa quinolone resistant ParC	AMR	core	POINT	QUINOLONE	QUINOLONE	POINTX	100.0	99.73
Pseudomonas aeruginosa		SAMN29441831	PDT001395402.2	JANKVZ010000018.1	parC	64544	66805	+	parC_S87L	Pseudomonas aeruginosa quinolone resistant ParC	AMR	core	POINT	QUINOLONE	QUINOLONE	POINTX	100.0	99.73
Pseudomonas aeruginosa		SAMN29441830	PDT001395403.2	JANKWA010000009.1	parC	105893	108154	+	parC_S87L	Pseudomonas aeruginosa quinolone resistant ParC	AMR	core	POINT	QUINOLONE	QUINOLONE	POINTX	100.0	99.73
Pseudomonas aeruginosa		SAMN29441826	PDT001395405.2	JANKWE010000018.1	parC	30307	32568	-	parC_S87L	Pseudomonas aeruginosa quinolone resistant ParC	AMR	core	POINT	QUINOLONE	QUINOLONE	POINTX	100.0	99.6
Pseudomonas aeruginosa		SAMN29441827	PDT001395407.2	JANKWD010000019.1	parC	30295	32556	-	parC_S87L	Pseudomonas aeruginosa quinolone resistant ParC	AMR	core	POINT	QUINOLONE	QUINOLONE	POINTX	100.0	99.6
Pseudomonas aeruginosa		SAMN29441821	PDT001395412.2	JANKWJ010000026.1	parC	30396	32657	-	parC_S87L	Pseudomonas aeruginosa quinolone resistant ParC	AMR	core	POINT	QUINOLONE	QUINOLONE	POINTX	100.0	99.73
Pseudomonas aeruginosa		SAMN29441819	PDT001395414.2	JANKWL010000017.1	parC	64544	66805	+	parC_S87L	Pseudomonas aeruginosa quinolone resistant ParC	AMR	core	POINT	QUINOLONE	QUINOLONE	POINTX	100.0	99.73
Pseudomonas aeruginosa		SAMN29441818	PDT001395415.2	JANKWM010000021.1	parC	30307	32568	-	parC_S87L	Pseudomonas aeruginosa quinolone resistant ParC	AMR	core	POINT	QUINOLONE	QUINOLONE	POINTX	100.0	99.73
Pseudomonas aeruginosa		SAMN29441817	PDT001395416.2	JANKWN010000023.1	parC	30396	32657	-	parC_S87L	Pseudomonas aeruginosa quinolone resistant ParC	AMR	core	POINT	QUINOLONE	QUINOLONE	POINTX	100.0	99.73
Pseudomonas aeruginosa		SAMN29441811	PDT001395421.2	JANKWT010000024.1	parC	64569	66830	+	parC_S87L	Pseudomonas aeruginosa quinolone resistant ParC	AMR	core	POINT	QUINOLONE	QUINOLONE	POINTX	100.0	99.73
Pseudomonas aeruginosa		SAMN29441812	PDT001395422.2	JANKWS010000017.1	parC	14308	16569	+	parC_S87L	Pseudomonas aeruginosa quinolone resistant ParC	AMR	core	POINT	QUINOLONE	QUINOLONE	POINTX	100.0	99.73
Pseudomonas aeruginosa		SAMN29441810	PDT001395423.2	JANKWU010000019.1	parC	38128	40389	+	parC_S87L	Pseudomonas aeruginosa quinolone resistant ParC	AMR	core	POINT	QUINOLONE	QUINOLONE	POINTX	100.0	99.73
Pseudomonas aeruginosa		SAMN29441809	PDT001395424.2	JANKWV010000026.1	parC	30396	32657	-	parC_S87L	Pseudomonas aeruginosa quinolone resistant ParC	AMR	core	POINT	QUINOLONE	QUINOLONE	POINTX	100.0	99.73
Pseudomonas aeruginosa		SAMN29441808	PDT001395426.2	JANKWW010000020.1	parC	106247	108508	+	parC_S87L	Pseudomonas aeruginosa quinolone resistant ParC	AMR	core	POINT	QUINOLONE	QUINOLONE	POINTX	100.0	99.73
Pseudomonas aeruginosa		SAMN29441804	PDT001395429.2	JANKXA010000031.1	parC	64600	66861	+	parC_S87L	Pseudomonas aeruginosa quinolone resistant ParC	AMR	core	POINT	QUINOLONE	QUINOLONE	POINTX	100.0	99.6
Pseudomonas aeruginosa		SAMN29441800	PDT001395431.2	JANKXE010000022.1	parC	78467	80728	+	parC_S87L	Pseudomonas aeruginosa quinolone resistant ParC	AMR	core	POINT	QUINOLONE	QUINOLONE	POINTX	100.0	99.73
Pseudomonas aeruginosa		SAMN29441801	PDT001395433.2	JANKXD010000019.1	parC	64597	66858	+	parC_S87L	Pseudomonas aeruginosa quinolone resistant ParC	AMR	core	POINT	QUINOLONE	QUINOLONE	POINTX	100.0	99.6
Pseudomonas aeruginosa		SAMN29441799	PDT001395434.2	JANKXF010000016.1	parC	64597	66858	+	parC_S87L	Pseudomonas aeruginosa quinolone resistant ParC	AMR	core	POINT	QUINOLONE	QUINOLONE	POINTX	100.0	99.73
Pseudomonas aeruginosa		SAMN29441798	PDT001395435.2	JANKXG010000012.1	parC	64569	66830	+	parC_S87L	Pseudomonas aeruginosa quinolone resistant ParC	AMR	core	POINT	QUINOLONE	QUINOLONE	POINTX	100.0	99.73
Pseudomonas aeruginosa		SAMN29441792	PDT001395441.2	JANKXM010000026.1	parC	64536	66797	+	parC_S87L	Pseudomonas aeruginosa quinolone resistant ParC	AMR	core	POINT	QUINOLONE	QUINOLONE	POINTX	100.0	99.6
Pseudomonas aeruginosa		SAMN29441791	PDT001395442.2	JANKXN010000031.1	parC	116600	118861	-	parC_S87L	Pseudomonas aeruginosa quinolone resistant ParC	AMR	core	POINT	QUINOLONE	QUINOLONE	POINTX	100.0	99.73
Pseudomonas aeruginosa		SAMN29441790	PDT001395443.2	JANKXO010000023.1	parC	30307	32568	-	parC_S87L	Pseudomonas aeruginosa quinolone resistant ParC	AMR	core	POINT	QUINOLONE	QUINOLONE	POINTX	100.0	99.73
Pseudomonas aeruginosa		SAMN29441782	PDT001395451.2	JANKXW010000016.1	parC	64544	66805	+	parC_S87L	Pseudomonas aeruginosa quinolone resistant ParC	AMR	core	POINT	QUINOLONE	QUINOLONE	POINTX	100.0	99.73
Pseudomonas aeruginosa		SAMN29441777	PDT001395455.2	JANKYB010000019.1	parC	30307	32568	-	parC_S87L	Pseudomonas aeruginosa quinolone resistant ParC	AMR	core	POINT	QUINOLONE	QUINOLONE	POINTX	100.0	99.73
Pseudomonas aeruginosa		SAMN29441778	PDT001395456.2	JANKYA010000012.1	parC	64597	66858	+	parC_S87L	Pseudomonas aeruginosa quinolone resistant ParC	AMR	core	POINT	QUINOLONE	QUINOLONE	POINTX	100.0	99.73
Pseudomonas aeruginosa	WP_012613862.1	SAMN40282112	PDT002110220.1	NZ_JBAWUF010000058.1	gyrA	17012	19783	+	gyrA_T83I	Pseudomonas aeruginosa quinolone resistant GyrA	AMR	core	POINT	QUINOLONE	QUINOLONE	POINTP	100.0	99.89
Pseudomonas aeruginosa		SAMN33819348	PDT002145709.1	JARLME010000030.1	mexZ	17610	18228	-	mexZ_L199SfsTer108	Pseudomonas aeruginosa aminoglycoside/cefepime/fluoroquinolone resistant MexZ	AMR	core	POINT_DISRUPT	AMINOGLYCOSIDE/BETA-LACTAM/QUINOLONE	AMINOGLYCOSIDE/CEFEPIME/FLUOROQUINOLONE	POINTX	100.0	100.0
Pseudomonas aeruginosa		SAMN33819331	PDT002145725.1	JARLMV010000037.1	parE	34167	36053	-	parE_A473V	Pseudomonas aeruginosa quinolone resistant ParE	AMR	core	POINT	QUINOLONE	QUINOLONE	POINTX	100.0	99.68
Pseudomonas aeruginosa		SAMN33819275	PDT002146204.1	JARLOZ010000061.1	gyrA	15387	18155	-	gyrA_T83I	Pseudomonas aeruginosa quinolone resistant GyrA	AMR	core	POINT	QUINOLONE	QUINOLONE	POINTX	100.0	99.89
Pseudomonas aeruginosa		SAMN33819269	PDT002146210.1	JARLPF010000022.1	nfxB	31758	32307	-	nfxB_P103RfsTer4	Pseudomonas aeruginosa cefepime/chloramphenicol/fluoroquinolone/macrolide resistant NfxB	AMR	core	POINT_DISRUPT	MULTIDRUG	CEFEPIME/CHLORAMPHENICOL/FLUOROQUINOLONE/MACROLIDE	POINTX	100.0	100.0
Pseudomonas aeruginosa		SAMN33819264	PDT002146215.1	JARLPK010000046.1	gyrA	16771	19539	+	gyrA_D87N	Pseudomonas aeruginosa quinolone resistant GyrA	AMR	core	POINT	QUINOLONE	QUINOLONE	POINTX	100.0	99.78
Pseudomonas aeruginosa		SAMN33819261	PDT002146221.1	JARLPN010000044.1	mexZ	16066	16684	-	mexZ_L37RfsTer270	Pseudomonas aeruginosa aminoglycoside/cefepime/fluoroquinolone resistant MexZ	AMR	core	POINT_DISRUPT	AMINOGLYCOSIDE/BETA-LACTAM/QUINOLONE	AMINOGLYCOSIDE/CEFEPIME/FLUOROQUINOLONE	POINTX	100.0	100.0
Pseudomonas aeruginosa		SAMN33819255	PDT002146224.1	JARLPT010000108.1	parE	10239	12125	+	parE_A473V	Pseudomonas aeruginosa quinolone resistant ParE	AMR	core	POINT	QUINOLONE	QUINOLONE	POINTX	100.0	99.68
Pseudomonas aeruginosa		SAMN33819247	PDT002146233.1	JARLQB010000053.1	gyrA	16753	19521	+	gyrA_T83I	Pseudomonas aeruginosa quinolone resistant GyrA	AMR	core	POINT	QUINOLONE	QUINOLONE	POINTX	100.0	99.89
Pseudomonas aeruginosa	EPM3499207.1	SAMN50502207	PDT002875159.1	ACAFJB010000036.1	gyrA	56945	59710	-	gyrA_T83I	Pseudomonas aeruginosa quinolone resistant GyrA	AMR	core	POINT	QUINOLONE	QUINOLONE	POINTP	100.0	99.67
Pseudomonas aeruginosa	WP_019484695.1	SAMN60257147	PDT003226862.1	NZ_JBYMUE010000037.1	gyrA	17505	20270	+	gyrA_T83I	Pseudomonas aeruginosa quinolone resistant GyrA	AMR	core	POINT	QUINOLONE	QUINOLONE	POINTP	100.0	99.67
Pseudomonas aeruginosa	WP_014603516.1	SAMN03316899	PDT000050775.2	NZ_JYGB02000004.1	parC	476298	478562	+	parC_S87L	Pseudomonas aeruginosa quinolone resistant ParC	AMR	core	POINT	QUINOLONE	QUINOLONE	POINTP	100.0	99.87
Pseudomonas aeruginosa	WP_012613862.1	SAMN04014941	PDT000167135.1	NZ_MPBQ01000001.1	gyrA	1247127	1249898	-	gyrA_T83I	Pseudomonas aeruginosa quinolone resistant GyrA	AMR	core	POINT	QUINOLONE	QUINOLONE	POINTP	100.0	99.89
Pseudomonas aeruginosa	WP_106120627.1	SAMN07291494	PDT000294808.1	NZ_PSQP01000004.1	gyrA	4855066	4857837	+	gyrA_D87H	Pseudomonas aeruginosa quinolone resistant GyrA	AMR	core	POINT	QUINOLONE	QUINOLONE	POINTP	100.0	99.78
Pseudomonas aeruginosa	WP_014603516.1	SAMN04014951	PDT000331118.1	NZ_CP029745.1	parC	1503302	1505566	+	parC_S87L	Pseudomonas aeruginosa quinolone resistant ParC	AMR	core	POINT	QUINOLONE	QUINOLONE	POINTP	100.0	99.87
Pseudomonas aeruginosa	WP_003161278.1	SAMN07291549	PDT000352614.1	NZ_QMGO01000001.1	parC	3039020	3041284	-	parC_S87W	Pseudomonas aeruginosa quinolone resistant ParC	AMR	core	POINT	QUINOLONE	QUINOLONE	POINTP	100.0	99.87
Pseudomonas aeruginosa	WP_031640949.1	SAMN09788327	PDT000424951.1	NZ_RXTJ01000024.1	gyrB	175473	177893	+	gyrB_S466F	Pseudomonas aeruginosa quinolone resistant GyrB	AMR	core	POINT	QUINOLONE	QUINOLONE	POINTP	100.0	99.88
Pseudomonas aeruginosa		SAMN09788355	PDT000425009.1	NZ_RXUL01000046.1	mexZ	14996	15624	-	mexZ_Y204TfsTer34	Pseudomonas aeruginosa aminoglycoside/cefepime/fluoroquinolone resistant MexZ	AMR	core	POINT_DISRUPT	AMINOGLYCOSIDE/BETA-LACTAM/QUINOLONE	AMINOGLYCOSIDE/CEFEPIME/FLUOROQUINOLONE	POINTX	100.0	99.52
Pseudomonas aeruginosa	WP_033939219.1	SAMN09788408	PDT000425034.1	NZ_RXWO01000012.1	parC	64525	66789	+	parC_S87L	Pseudomonas aeruginosa quinolone resistant ParC	AMR	core	POINT	QUINOLONE	QUINOLONE	POINTP	100.0	99.73
Pseudomonas aeruginosa		SAMN29442018	PDT001395160.2	JANKOU010000010.1	parC	64544	66805	+	parC_S87L	Pseudomonas aeruginosa quinolone resistant ParC	AMR	core	POINT	QUINOLONE	QUINOLONE	POINTX	100.0	99.73
Pseudomonas aeruginosa		SAMN29442004	PDT001395174.2	JANKPI010000005.1	parC	374884	377145	+	parC_S87L	Pseudomonas aeruginosa quinolone resistant ParC	AMR	core	POINT	QUINOLONE	QUINOLONE	POINTX	100.0	99.73
Pseudomonas aeruginosa		SAMN29442003	PDT001395175.2	JANKPJ010000015.1	parC	106247	108508	+	parC_S87L	Pseudomonas aeruginosa quinolone resistant ParC	AMR	core	POINT	QUINOLONE	QUINOLONE	POINTX	100.0	99.73
Pseudomonas aeruginosa		SAMN29441989	PDT001395188.2	JANKPX010000008.1	parC	358722	360983	+	parC_S87L	Pseudomonas aeruginosa quinolone resistant ParC	AMR	core	POINT	QUINOLONE	QUINOLONE	POINTX	100.0	99.73
Pseudomonas aeruginosa		SAMN29441990	PDT001395189.2	JANKPW010000004.1	parC	351712	353973	+	parC_S87L	Pseudomonas aeruginosa quinolone resistant ParC	AMR	core	POINT	QUINOLONE	QUINOLONE	POINTX	100.0	99.73
Pseudomonas aeruginosa		SAMN29441988	PDT001395190.2	JANKPY010000008.1	parC	30396	32657	-	parC_S87L	Pseudomonas aeruginosa quinolone resistant ParC	AMR	core	POINT	QUINOLONE	QUINOLONE	POINTX	100.0	99.73
Pseudomonas aeruginosa		SAMN29441987	PDT001395192.2	JANKPZ010000019.1	parC	64557	66818	+	parC_S87L	Pseudomonas aeruginosa quinolone resistant ParC	AMR	core	POINT	QUINOLONE	QUINOLONE	POINTX	100.0	99.73
Pseudomonas aeruginosa		SAMN29441983	PDT001395193.2	JANKQD010000065.1	parC	7966	10227	-	parC_S87L	Pseudomonas aeruginosa quinolone resistant ParC	AMR	core	POINT	QUINOLONE	QUINOLONE	POINTX	100.0	99.73
Pseudomonas aeruginosa		SAMN29441964	PDT001395214.2	JANKQW010000022.1	parC	64597	66858	+	parC_S87L	Pseudomonas aeruginosa quinolone resistant ParC	AMR	core	POINT	QUINOLONE	QUINOLONE	POINTX	100.0	99.73
Pseudomonas aeruginosa		SAMN29441960	PDT001395217.2	JANKRA010000017.1	gyrA	72278	75040	-	gyrA_T83I	Pseudomonas aeruginosa quinolone resistant GyrA	AMR	core	POINT	QUINOLONE	QUINOLONE	POINTX	100.0	99.57
Pseudomonas aeruginosa		SAMN29441963	PDT001395218.2	JANKQX010000029.1	parC	26555	28816	+	parC_S87L	Pseudomonas aeruginosa quinolone resistant ParC	AMR	core	POINT	QUINOLONE	QUINOLONE	POINTX	100.0	99.73
Pseudomonas aeruginosa		SAMN29441958	PDT001395220.2	JANKRC010000014.1	gyrA	72277	75039	-	gyrA_T83I	Pseudomonas aeruginosa quinolone resistant GyrA	AMR	core	POINT	QUINOLONE	QUINOLONE	POINTX	100.0	99.57
Pseudomonas aeruginosa		SAMN29441953	PDT001395223.2	JANKRH010000021.1	gyrA	12683	15445	-	gyrA_T83I	Pseudomonas aeruginosa quinolone resistant GyrA	AMR	core	POINT	QUINOLONE	QUINOLONE	POINTX	100.0	99.57
Pseudomonas aeruginosa		SAMN29441949	PDT001395226.2	JANKRL010000014.1	gyrA	72276	75038	-	gyrA_T83I	Pseudomonas aeruginosa quinolone resistant GyrA	AMR	core	POINT	QUINOLONE	QUINOLONE	POINTX	100.0	99.57
Pseudomonas aeruginosa		SAMN29441945	PDT001395232.2	JANKRP010000014.1	parC	30396	32657	-	parC_S87L	Pseudomonas aeruginosa quinolone resistant ParC	AMR	core	POINT	QUINOLONE	QUINOLONE	POINTX	100.0	99.73
Pseudomonas aeruginosa		SAMN29441937	PDT001395243.2	JANKRX010000018.1	gyrA	33201	35963	-	gyrA_T83I	Pseudomonas aeruginosa quinolone resistant GyrA	AMR	core	POINT	QUINOLONE	QUINOLONE	POINTX	100.0	99.57
Pseudomonas aeruginosa		SAMN29441933	PDT001395245.2	JANKSB010000019.1	parC	64544	66805	+	parC_S87L	Pseudomonas aeruginosa quinolone resistant ParC	AMR	core	POINT	QUINOLONE	QUINOLONE	POINTX	100.0	99.73
Pseudomonas aeruginosa		SAMN29441919	PDT001395258.2	JANKSP010000014.1	parC	64544	66805	+	parC_S87L	Pseudomonas aeruginosa quinolone resistant ParC	AMR	core	POINT	QUINOLONE	QUINOLONE	POINTX	100.0	99.73
Pseudomonas aeruginosa		SAMN29441913	PDT001395265.2	JANKSV010000013.1	parC	64536	66797	+	parC_S87L	Pseudomonas aeruginosa quinolone resistant ParC	AMR	core	POINT	QUINOLONE	QUINOLONE	POINTX	100.0	99.73
Pseudomonas aeruginosa		SAMN29441912	PDT001395267.2	JANKSW010000017.1	parC	100059	102320	-	parC_S87L	Pseudomonas aeruginosa quinolone resistant ParC	AMR	core	POINT	QUINOLONE	QUINOLONE	POINTX	100.0	99.73
Pseudomonas aeruginosa		SAMN29441904	PDT001395272.2	JANKTE010000008.1	parC	30307	32568	-	parC_S87L	Pseudomonas aeruginosa quinolone resistant ParC	AMR	core	POINT	QUINOLONE	QUINOLONE	POINTX	100.0	99.73
Pseudomonas aeruginosa		SAMN29441900	PDT001395276.2	JANKTI010000015.1	parC	56539	58800	-	parC_S87L	Pseudomonas aeruginosa quinolone resistant ParC	AMR	core	POINT	QUINOLONE	QUINOLONE	POINTX	100.0	99.73
Pseudomonas aeruginosa		SAMN29441898	PDT001395280.2	JANKTK010000017.1	parC	64525	66786	+	parC_S87L	Pseudomonas aeruginosa quinolone resistant ParC	AMR	core	POINT	QUINOLONE	QUINOLONE	POINTX	100.0	99.73
Pseudomonas aeruginosa		SAMN29441897	PDT001395283.2	JANKTL010000016.1	parC	64544	66805	+	parC_S87L	Pseudomonas aeruginosa quinolone resistant ParC	AMR	core	POINT	QUINOLONE	QUINOLONE	POINTX	100.0	99.73
Pseudomonas aeruginosa		SAMN29441890	PDT001395289.2	JANKTS010000017.1	gyrA	38310	41072	-	gyrA_T83I	Pseudomonas aeruginosa quinolone resistant GyrA	AMR	core	POINT	QUINOLONE	QUINOLONE	POINTX	100.0	99.57
Pseudomonas aeruginosa		SAMN29441876	PDT001395357.2	JANKUG010000011.1	parC	116630	118891	-	parC_S87L	Pseudomonas aeruginosa quinolone resistant ParC	AMR	core	POINT	QUINOLONE	QUINOLONE	POINTX	100.0	99.73
Pseudomonas aeruginosa		SAMN29441873	PDT001395360.2	JANKUJ010000033.1	parC	7966	10227	-	parC_S87L	Pseudomonas aeruginosa quinolone resistant ParC	AMR	core	POINT	QUINOLONE	QUINOLONE	POINTX	100.0	99.73
Pseudomonas aeruginosa		SAMN29441861	PDT001395372.2	JANKUV010000013.1	parC	30307	32568	-	parC_S87L	Pseudomonas aeruginosa quinolone resistant ParC	AMR	core	POINT	QUINOLONE	QUINOLONE	POINTX	100.0	99.73
Pseudomonas aeruginosa		SAMN29441854	PDT001395380.2	JANKVC010000037.1	parC	106247	108508	+	parC_S87L	Pseudomonas aeruginosa quinolone resistant ParC	AMR	core	POINT	QUINOLONE	QUINOLONE	POINTX	100.0	99.73
Pseudomonas aeruginosa		SAMN29441832	PDT001395400.2	JANKVY010000025.1	parC	30396	32657	-	parC_S87L	Pseudomonas aeruginosa quinolone resistant ParC	AMR	core	POINT	QUINOLONE	QUINOLONE	POINTX	100.0	99.73
Pseudomonas aeruginosa		SAMN29441828	PDT001395406.2	JANKWC010000016.1	parC	30396	32657	-	parC_S87L	Pseudomonas aeruginosa quinolone resistant ParC	AMR	core	POINT	QUINOLONE	QUINOLONE	POINTX	100.0	99.73
Pseudomonas aeruginosa		SAMN29441824	PDT001395408.2	JANKWG010000017.1	parC	30396	32657	-	parC_S87L	Pseudomonas aeruginosa quinolone resistant ParC	AMR	core	POINT	QUINOLONE	QUINOLONE	POINTX	100.0	99.73
Pseudomonas aeruginosa		SAMN29441825	PDT001395409.2	JANKWF010000027.1	parC	30307	32568	-	parC_S87L	Pseudomonas aeruginosa quinolone resistant ParC	AMR	core	POINT	QUINOLONE	QUINOLONE	POINTX	100.0	99.73
Pseudomonas aeruginosa		SAMN29441822	PDT001395410.2	JANKWI010000023.1	parC	30307	32568	-	parC_S87L	Pseudomonas aeruginosa quinolone resistant ParC	AMR	core	POINT	QUINOLONE	QUINOLONE	POINTX	100.0	99.73
Pseudomonas aeruginosa		SAMN29441815	PDT001395417.2	JANKWP010000016.1	parC	64546	66807	+	parC_S87L	Pseudomonas aeruginosa quinolone resistant ParC	AMR	core	POINT	QUINOLONE	QUINOLONE	POINTX	100.0	99.73
Pseudomonas aeruginosa		SAMN29441813	PDT001395420.2	JANKWR010000029.1	parC	64525	66786	+	parC_S87L	Pseudomonas aeruginosa quinolone resistant ParC	AMR	core	POINT	QUINOLONE	QUINOLONE	POINTX	100.0	99.73
Pseudomonas aeruginosa		SAMN29441806	PDT001395428.2	JANKWY010000028.1	parC	30396	32657	-	parC_S87L	Pseudomonas aeruginosa quinolone resistant ParC	AMR	core	POINT	QUINOLONE	QUINOLONE	POINTX	100.0	99.73
Pseudomonas aeruginosa		SAMN29441797	PDT001395437.2	JANKXH010000015.1	parC	30396	32657	-	parC_S87L	Pseudomonas aeruginosa quinolone resistant ParC	AMR	core	POINT	QUINOLONE	QUINOLONE	POINTX	100.0	99.73
Pseudomonas aeruginosa		SAMN33819320	PDT002145735.1	JARLNG010000001.1	gyrA	643798	646560	-	gyrA_T83I	Pseudomonas aeruginosa quinolone resistant GyrA	AMR	core	POINT	QUINOLONE	QUINOLONE	POINTX	100.0	99.67
Pseudomonas aeruginosa		SAMN33819278	PDT002146203.1	JARLOW010000080.1	mexZ	7133	7761	+	mexZ_E21SfsTer217	Pseudomonas aeruginosa aminoglycoside/cefepime/fluoroquinolone resistant MexZ	AMR	core	POINT_DISRUPT	AMINOGLYCOSIDE/BETA-LACTAM/QUINOLONE	AMINOGLYCOSIDE/CEFEPIME/FLUOROQUINOLONE	POINTX	100.0	100.0
Pseudomonas aeruginosa		SAMN33819275	PDT002146204.1	JARLOZ010000080.1	mexZ	17581	18194	-	mexZ_L37RfsTer196	Pseudomonas aeruginosa aminoglycoside/cefepime/fluoroquinolone resistant MexZ	AMR	core	POINT_DISRUPT	AMINOGLYCOSIDE/BETA-LACTAM/QUINOLONE	AMINOGLYCOSIDE/CEFEPIME/FLUOROQUINOLONE	POINTX	100.0	99.51
Pseudomonas aeruginosa		SAMN33819264	PDT002146215.1	JARLPK010000046.1	gyrA	16771	19539	+	gyrA_T83I	Pseudomonas aeruginosa quinolone resistant GyrA	AMR	core	POINT	QUINOLONE	QUINOLONE	POINTX	100.0	99.78
Pseudomonas aeruginosa	EIU7200333.1	SAMN04571739	PDT000124854.2	ABEVIU010000061.1	gyrA	21228	23993	-	gyrA_T83I	Pseudomonas aeruginosa quinolone resistant GyrA	AMR	core	POINT	QUINOLONE	QUINOLONE	POINTP	100.0	99.67
Pseudomonas aeruginosa	EIU7090446.1	SAMN05374473	PDT000140731.2	ABEVIT010000045.1	gyrA	28292	31063	-	gyrA_T83I	Pseudomonas aeruginosa quinolone resistant GyrA	AMR	core	POINT	QUINOLONE	QUINOLONE	POINTP	100.0	99.89
Pseudomonas aeruginosa	EIU7074020.1	SAMN05806170	PDT000150960.2	ABEVIN010000018.1	gyrA	98156	100927	-	gyrA_T83I	Pseudomonas aeruginosa quinolone resistant GyrA	AMR	core	POINT	QUINOLONE	QUINOLONE	POINTP	100.0	99.89
Pseudomonas aeruginosa	WP_012613862.1	SAMN04014935	PDT000167139.1	NZ_MPBR01000003.1	gyrA	1322756	1325527	-	gyrA_T83I	Pseudomonas aeruginosa quinolone resistant GyrA	AMR	core	POINT	QUINOLONE	QUINOLONE	POINTP	100.0	99.89
Pseudomonas aeruginosa		SAMN06129825	PDT000172050.3	ABEVIL010000033.1	mexZ	34034	34662	+	mexZ_L199CfsTer39	Pseudomonas aeruginosa aminoglycoside/cefepime/fluoroquinolone resistant MexZ	AMR	core	POINT_DISRUPT	AMINOGLYCOSIDE/BETA-LACTAM/QUINOLONE	AMINOGLYCOSIDE/CEFEPIME/FLUOROQUINOLONE	POINTX	100.0	100.0
Pseudomonas aeruginosa		SAMN06015657	PDT000173727.2	ABEVIM010000036.1	mexZ	13703	14331	-	mexZ_E178GfsTer60	Pseudomonas aeruginosa aminoglycoside/cefepime/fluoroquinolone resistant MexZ	AMR	core	POINT_DISRUPT	AMINOGLYCOSIDE/BETA-LACTAM/QUINOLONE	AMINOGLYCOSIDE/CEFEPIME/FLUOROQUINOLONE	POINTX	100.0	100.0
Pseudomonas aeruginosa	WP_012613862.1	SAMN04014936	PDT000294804.1	NZ_CP027538.1	gyrA	1008947	1011718	-	gyrA_T83I	Pseudomonas aeruginosa quinolone resistant GyrA	AMR	core	POINT	QUINOLONE	QUINOLONE	POINTP	100.0	99.89
Pseudomonas aeruginosa	WP_033943478.1	SAMN04014951	PDT000331118.1	NZ_CP029745.1	gyrA	1964810	1967581	+	gyrA_T83I	Pseudomonas aeruginosa quinolone resistant GyrA	AMR	core	POINT	QUINOLONE	QUINOLONE	POINTP	100.0	99.78
Pseudomonas aeruginosa	WP_012613862.1	SAMN09788317	PDT000424964.1	NZ_RXSZ01000091.1	gyrA	31792	34563	-	gyrA_T83I	Pseudomonas aeruginosa quinolone resistant GyrA	AMR	core	POINT	QUINOLONE	QUINOLONE	POINTP	100.0	99.89
Pseudomonas aeruginosa		SAMN09788357	PDT000424974.1	NZ_RXUN01000106.1	mexZ	11147	11765	+	mexZ_T32RfsTer275	Pseudomonas aeruginosa aminoglycoside/cefepime/fluoroquinolone resistant MexZ	AMR	core	POINT_DISRUPT	AMINOGLYCOSIDE/BETA-LACTAM/QUINOLONE	AMINOGLYCOSIDE/CEFEPIME/FLUOROQUINOLONE	POINTX	100.0	99.03
Pseudomonas aeruginosa		SAMN09788360	PDT000424984.1	NZ_RXUQ01000093.1	mexZ	34668	35210	-	mexZ_Q134Ter	Pseudomonas aeruginosa aminoglycoside/cefepime/fluoroquinolone resistant MexZ	AMR	core	POINT	AMINOGLYCOSIDE/BETA-LACTAM/QUINOLONE	AMINOGLYCOSIDE/CEFEPIME/FLUOROQUINOLONE	POINTX	86.19	96.13
Pseudomonas aeruginosa	WP_144205323.1	SAMN12288114	PDT000551136.1	NZ_CP041786.1	parC	5486694	5488958	-	parC_S87W	Pseudomonas aeruginosa quinolone resistant ParC	AMR	core	POINT	QUINOLONE	QUINOLONE	POINTP	100.0	99.6
Pseudomonas aeruginosa		SAMN29442022	PDT001395157.2	JANKOQ010000024.1	parC	106247	108508	+	parC_S87L	Pseudomonas aeruginosa quinolone resistant ParC	AMR	core	POINT	QUINOLONE	QUINOLONE	POINTX	100.0	99.73
Pseudomonas aeruginosa		SAMN29441976	PDT001395202.2	JANKQK010000019.1	parC	7966	10227	-	parC_S87L	Pseudomonas aeruginosa quinolone resistant ParC	AMR	core	POINT	QUINOLONE	QUINOLONE	POINTX	100.0	99.6
Pseudomonas aeruginosa		SAMN29441961	PDT001395216.2	JANKQZ010000015.1	parC	7967	10228	-	parC_S87L	Pseudomonas aeruginosa quinolone resistant ParC	AMR	core	POINT	QUINOLONE	QUINOLONE	POINTX	100.0	99.73
Pseudomonas aeruginosa		SAMN29441952	PDT001395225.2	JANKRI010000028.1	parC	116630	118891	-	parC_S87L	Pseudomonas aeruginosa quinolone resistant ParC	AMR	core	POINT	QUINOLONE	QUINOLONE	POINTX	100.0	99.73
Pseudomonas aeruginosa		SAMN29441940	PDT001395236.2	JANKRU010000018.1	parC	64556	66817	+	parC_S87L	Pseudomonas aeruginosa quinolone resistant ParC	AMR	core	POINT	QUINOLONE	QUINOLONE	POINTX	100.0	99.73
Pseudomonas aeruginosa		SAMN29441941	PDT001395239.2	JANKRT010000021.1	parC	7464	9725	-	parC_S87L	Pseudomonas aeruginosa quinolone resistant ParC	AMR	core	POINT	QUINOLONE	QUINOLONE	POINTX	100.0	99.73
Pseudomonas aeruginosa		SAMN29441936	PDT001395244.2	JANKRY010000013.1	parC	7969	10230	-	parC_S87L	Pseudomonas aeruginosa quinolone resistant ParC	AMR	core	POINT	QUINOLONE	QUINOLONE	POINTX	100.0	99.73
Pseudomonas aeruginosa		SAMN29441931	PDT001395249.2	JANKSD010000025.1	parC	64547	66808	+	parC_S87L	Pseudomonas aeruginosa quinolone resistant ParC	AMR	core	POINT	QUINOLONE	QUINOLONE	POINTX	100.0	99.73
Pseudomonas aeruginosa		SAMN29441914	PDT001395263.2	JANKSU010000095.1	gyrA	33199	35961	-	gyrA_D87N	Pseudomonas aeruginosa quinolone resistant GyrA	AMR	core	POINT	QUINOLONE	QUINOLONE	POINTX	100.0	99.57
Pseudomonas aeruginosa		SAMN29441901	PDT001395274.2	JANKTH010000014.1	parC	64558	66819	+	parC_S87L	Pseudomonas aeruginosa quinolone resistant ParC	AMR	core	POINT	QUINOLONE	QUINOLONE	POINTX	100.0	99.73
Pseudomonas aeruginosa		SAMN29441902	PDT001395278.2	JANKTG010000011.1	parC	149750	152011	+	parC_S87L	Pseudomonas aeruginosa quinolone resistant ParC	AMR	core	POINT	QUINOLONE	QUINOLONE	POINTX	100.0	99.73
Pseudomonas aeruginosa		SAMN29441866	PDT001395368.2	JANKUQ010000141.1	gyrA	15134	17896	-	gyrA_D87N	Pseudomonas aeruginosa quinolone resistant GyrA	AMR	core	POINT	QUINOLONE	QUINOLONE	POINTX	100.0	99.57
Pseudomonas aeruginosa		SAMN29441859	PDT001395374.2	JANKUX010000012.1	parC	300862	303123	-	parC_S87L	Pseudomonas aeruginosa quinolone resistant ParC	AMR	core	POINT	QUINOLONE	QUINOLONE	POINTX	100.0	99.73
Pseudomonas aeruginosa		SAMN29441816	PDT001395418.2	JANKWO010000029.1	parC	100059	102320	-	parC_S87L	Pseudomonas aeruginosa quinolone resistant ParC	AMR	core	POINT	QUINOLONE	QUINOLONE	POINTX	100.0	99.73
Pseudomonas aeruginosa		SAMN29441796	PDT001395436.2	JANKXI010000036.1	parC	100078	102339	-	parC_S87L	Pseudomonas aeruginosa quinolone resistant ParC	AMR	core	POINT	QUINOLONE	QUINOLONE	POINTX	100.0	99.73
Pseudomonas aeruginosa		SAMN33819348	PDT002145709.1	JARLME010000032.1	gyrA	33625	36393	-	gyrA_T83I	Pseudomonas aeruginosa quinolone resistant GyrA	AMR	core	POINT	QUINOLONE	QUINOLONE	POINTX	100.0	99.89
Pseudomonas aeruginosa		SAMN33819333	PDT002145723.1	JARLMT010000005.1	parE	304671	306557	-	parE_A473V	Pseudomonas aeruginosa quinolone resistant ParE	AMR	core	POINT	QUINOLONE	QUINOLONE	POINTX	100.0	99.68
Pseudomonas aeruginosa		SAMN33819305	PDT002146176.1	JARLNV010000036.1	mexZ	41254	41885	+	mexZ_F92AfsTer147	Pseudomonas aeruginosa aminoglycoside/cefepime/fluoroquinolone resistant MexZ	AMR	core	POINT_DISRUPT	AMINOGLYCOSIDE/BETA-LACTAM/QUINOLONE	AMINOGLYCOSIDE/CEFEPIME/FLUOROQUINOLONE	POINTX	100.0	100.0
Pseudomonas aeruginosa	WP_195886052.1	SAMN60257154	PDT003226856.1	NZ_JBYMUK010000017.1	parC	34401	36665	-	parC_S87L	Pseudomonas aeruginosa quinolone resistant ParC	AMR	core	POINT	QUINOLONE	QUINOLONE	POINTP	100.0	99.73
Pseudomonas aeruginosa	WP_034065700.1	SAMN60257149	PDT003226859.1	NZ_JBYMUG010000059.1	parC	34405	36669	-	parC_S87L	Pseudomonas aeruginosa quinolone resistant ParC	AMR	core	POINT	QUINOLONE	QUINOLONE	POINTP	100.0	99.73
Pseudomonas aeruginosa	EIU7081347.1	SAMN04096273	PDT000084290.3	ABEVIW010000031.1	gyrA	55875	58646	-	gyrA_T83I	Pseudomonas aeruginosa quinolone resistant GyrA	AMR	core	POINT	QUINOLONE	QUINOLONE	POINTP	100.0	99.89
Pseudomonas aeruginosa	EIU7200357.1	SAMN04571739	PDT000124854.2	ABEVIU010000062.1	parC	14010	16274	+	parC_S87L	Pseudomonas aeruginosa quinolone resistant ParC	AMR	core	POINT	QUINOLONE	QUINOLONE	POINTP	100.0	99.73
Pseudomonas aeruginosa	WP_003161278.1	SAMN07291532	PDT000311293.1	NZ_CP029097.1	parC	961765	964029	+	parC_S87W	Pseudomonas aeruginosa quinolone resistant ParC	AMR	core	POINT	QUINOLONE	QUINOLONE	POINTP	100.0	99.87
Pseudomonas aeruginosa	WP_031640949.1	SAMN07602569	PDT000326681.1	NZ_CP023255.1	gyrB	4793443	4795863	+	gyrB_S466F	Pseudomonas aeruginosa quinolone resistant GyrB	AMR	core	POINT	QUINOLONE	QUINOLONE	POINTP	100.0	99.88
Pseudomonas aeruginosa	WP_012613862.1	SAMN09788322	PDT000424945.1	NZ_RXTE01000134.1	gyrA	16713	19484	+	gyrA_T83I	Pseudomonas aeruginosa quinolone resistant GyrA	AMR	core	POINT	QUINOLONE	QUINOLONE	POINTP	100.0	99.89
Pseudomonas aeruginosa		SAMN09788365	PDT000424972.1	NZ_RXUV01000053.1	mexZ	41173	41788	+	mexZ_D182PfsTer124	Pseudomonas aeruginosa aminoglycoside/cefepime/fluoroquinolone resistant MexZ	AMR	core	POINT_DISRUPT	AMINOGLYCOSIDE/BETA-LACTAM/QUINOLONE	AMINOGLYCOSIDE/CEFEPIME/FLUOROQUINOLONE	POINTX	100.0	99.51
Pseudomonas aeruginosa	WP_019484695.1	SAMN09788360	PDT000424984.1	NZ_RXUQ01000124.1	gyrA	16716	19481	+	gyrA_T83I	Pseudomonas aeruginosa quinolone resistant GyrA	AMR	core	POINT	QUINOLONE	QUINOLONE	POINTP	100.0	99.67
Pseudomonas aeruginosa		SAMN09788372	PDT000424989.1	NZ_RXVD01000028.1	nfxB	31332	31876	-	nfxB_G112SfsTer124	Pseudomonas aeruginosa cefepime/chloramphenicol/fluoroquinolone/macrolide resistant NfxB	AMR	core	POINT_DISRUPT	MULTIDRUG	CEFEPIME/CHLORAMPHENICOL/FLUOROQUINOLONE/MACROLIDE	POINTX	100.0	97.25
Pseudomonas aeruginosa	WP_000415714.1	SAMN23150585	PDT001211266.1	NZ_JAJJIF010000037.1	qnrVC1	373268	373924	+	qnrVC1	quinolone resistance pentapeptide repeat protein QnrVC1	AMR	core	AMR	QUINOLONE	QUINOLONE	ALLELEP	100.0	100.0
Pseudomonas aeruginosa		SAMN29442029	PDT001395149.2	JANKOJ010000064.1	gyrA	16711	19473	+	gyrA_D87N	Pseudomonas aeruginosa quinolone resistant GyrA	AMR	core	POINT	QUINOLONE	QUINOLONE	POINTX	100.0	99.57
Pseudomonas aeruginosa		SAMN29441959	PDT001395222.2	JANKRB010000028.1	parC	12744	15005	+	parC_S87L	Pseudomonas aeruginosa quinolone resistant ParC	AMR	core	POINT	QUINOLONE	QUINOLONE	POINTX	100.0	99.73
Pseudomonas aeruginosa		SAMN29441921	PDT001395256.2	JANKSN010000178.1	gyrA	11937	14699	-	gyrA_D87N	Pseudomonas aeruginosa quinolone resistant GyrA	AMR	core	POINT	QUINOLONE	QUINOLONE	POINTX	100.0	99.57
Pseudomonas aeruginosa		SAMN29441914	PDT001395263.2	JANKSU010000095.1	gyrA	33199	35961	-	gyrA_T83I	Pseudomonas aeruginosa quinolone resistant GyrA	AMR	core	POINT	QUINOLONE	QUINOLONE	POINTX	100.0	99.57
Pseudomonas aeruginosa		SAMN29441892	PDT001395285.2	JANKTQ010000092.1	gyrA	16711	19473	+	gyrA_D87N	Pseudomonas aeruginosa quinolone resistant GyrA	AMR	core	POINT	QUINOLONE	QUINOLONE	POINTX	100.0	99.57
Pseudomonas aeruginosa		SAMN29441878	PDT001395355.2	JANKUE010000094.1	gyrA	16711	19473	+	gyrA_D87N	Pseudomonas aeruginosa quinolone resistant GyrA	AMR	core	POINT	QUINOLONE	QUINOLONE	POINTX	100.0	99.57
Pseudomonas aeruginosa		SAMN29441872	PDT001395361.2	JANKUK010000104.1	gyrA	33202	35964	-	gyrA_D87N	Pseudomonas aeruginosa quinolone resistant GyrA	AMR	core	POINT	QUINOLONE	QUINOLONE	POINTX	100.0	99.57
Pseudomonas aeruginosa		SAMN29441867	PDT001395366.2	JANKUP010000134.1	gyrA	16711	19473	+	gyrA_D87N	Pseudomonas aeruginosa quinolone resistant GyrA	AMR	core	POINT	QUINOLONE	QUINOLONE	POINTX	100.0	99.57
Pseudomonas aeruginosa		SAMN29441866	PDT001395368.2	JANKUQ010000141.1	gyrA	15134	17896	-	gyrA_T83I	Pseudomonas aeruginosa quinolone resistant GyrA	AMR	core	POINT	QUINOLONE	QUINOLONE	POINTX	100.0	99.57
Pseudomonas aeruginosa		SAMN29441850	PDT001395383.2	JANKVG010000170.1	gyrA	12592	15354	-	gyrA_D87N	Pseudomonas aeruginosa quinolone resistant GyrA	AMR	core	POINT	QUINOLONE	QUINOLONE	POINTX	100.0	99.57
Pseudomonas aeruginosa		SAMN29441848	PDT001395386.2	JANKVI010000180.1	gyrA	16711	19473	+	gyrA_D87N	Pseudomonas aeruginosa quinolone resistant GyrA	AMR	core	POINT	QUINOLONE	QUINOLONE	POINTX	100.0	99.57
Pseudomonas aeruginosa		SAMN29441820	PDT001395413.2	JANKWK010000082.1	gyrA	16711	19473	+	gyrA_D87N	Pseudomonas aeruginosa quinolone resistant GyrA	AMR	core	POINT	QUINOLONE	QUINOLONE	POINTX	100.0	99.57
Pseudomonas aeruginosa		SAMN29441807	PDT001395425.2	JANKWX010000013.1	parC	106247	108508	+	parC_S87L	Pseudomonas aeruginosa quinolone resistant ParC	AMR	core	POINT	QUINOLONE	QUINOLONE	POINTX	100.0	99.73
Pseudomonas aeruginosa		SAMN29441795	PDT001395438.2	JANKXJ010000093.1	gyrA	16711	19473	+	gyrA_D87N	Pseudomonas aeruginosa quinolone resistant GyrA	AMR	core	POINT	QUINOLONE	QUINOLONE	POINTX	100.0	99.57
Pseudomonas aeruginosa		SAMN29441787	PDT001395447.2	JANKXR010000084.1	gyrA	17988	20750	+	gyrA_D87N	Pseudomonas aeruginosa quinolone resistant GyrA	AMR	core	POINT	QUINOLONE	QUINOLONE	POINTX	100.0	99.57
Pseudomonas aeruginosa		SAMN29441785	PDT001395448.2	JANKXT010000083.1	gyrA	16711	19473	+	gyrA_D87N	Pseudomonas aeruginosa quinolone resistant GyrA	AMR	core	POINT	QUINOLONE	QUINOLONE	POINTX	100.0	99.57
Pseudomonas aeruginosa		SAMN29441783	PDT001395452.2	JANKXV010000102.1	gyrA	33202	35964	-	gyrA_D87N	Pseudomonas aeruginosa quinolone resistant GyrA	AMR	core	POINT	QUINOLONE	QUINOLONE	POINTX	100.0	99.57
Pseudomonas aeruginosa		SAMN29441779	PDT001395454.2	JANKXZ010000082.1	gyrA	33206	35968	-	gyrA_D87N	Pseudomonas aeruginosa quinolone resistant GyrA	AMR	core	POINT	QUINOLONE	QUINOLONE	POINTX	100.0	99.46
Pseudomonas aeruginosa	EMJ6834768.1	SAMN34104069	PDT001684053.2	ABLKOH020000029.1	gyrA	55892	58663	-	gyrA_T83I	Pseudomonas aeruginosa quinolone resistant GyrA	AMR	core	POINT	QUINOLONE	QUINOLONE	POINTP	100.0	99.89
Pseudomonas aeruginosa	WP_033940430.1	SAMN36409445	PDT001823068.1	NZ_JAUKUF010000017.1	parC	14046	16310	+	parC_S87L	Pseudomonas aeruginosa quinolone resistant ParC	AMR	core	POINT	QUINOLONE	QUINOLONE	POINTP	100.0	99.73
Pseudomonas aeruginosa		SAMN36726658	PDT001830568.2	ABNHSQ020000013.1	mexZ	98186	98802	-	mexZ_W167AfsTer67	Pseudomonas aeruginosa aminoglycoside/cefepime/fluoroquinolone resistant MexZ	AMR	core	POINT_DISRUPT	AMINOGLYCOSIDE/BETA-LACTAM/QUINOLONE	AMINOGLYCOSIDE/CEFEPIME/FLUOROQUINOLONE	POINTX	100.0	99.51
Pseudomonas aeruginosa	WP_012613862.1	SAMN40282113	PDT002110218.1	NZ_JBAWUE010000060.1	gyrA	17195	19966	+	gyrA_T83I	Pseudomonas aeruginosa quinolone resistant GyrA	AMR	core	POINT	QUINOLONE	QUINOLONE	POINTP	100.0	99.89
Pseudomonas aeruginosa	EMW0972512.1	SAMN40930681	PDT002136286.1	ABRRHI010000008.1	parE	304782	306671	-	parE_A473V	Pseudomonas aeruginosa quinolone resistant ParE	AMR	core	POINT	QUINOLONE	QUINOLONE	POINTP	100.0	99.68
Pseudomonas aeruginosa		SAMN33819363	PDT002145650.1	JARLLP010000037.1	mexZ	41223	41852	+	mexZ_E146Ter	Pseudomonas aeruginosa aminoglycoside/cefepime/fluoroquinolone resistant MexZ	AMR	core	POINT_DISRUPT	AMINOGLYCOSIDE/BETA-LACTAM/QUINOLONE	AMINOGLYCOSIDE/CEFEPIME/FLUOROQUINOLONE	POINTX	100.0	99.52
Pseudomonas aeruginosa		SAMN33819264	PDT002146215.1	JARLPK010000101.1	nfxB	5380	5938	-	nfxB_R23SfsTer87	Pseudomonas aeruginosa cefepime/chloramphenicol/fluoroquinolone/macrolide resistant NfxB	AMR	core	POINT_DISRUPT	MULTIDRUG	CEFEPIME/CHLORAMPHENICOL/FLUOROQUINOLONE/MACROLIDE	POINTX	100.0	100.0
Pseudomonas aeruginosa		SAMN33819267	PDT002146217.1	JARLPH010000028.1	nfxB	5062	5624	-	nfxB_R114HfsTer127	Pseudomonas aeruginosa cefepime/chloramphenicol/fluoroquinolone/macrolide resistant NfxB	AMR	core	POINT_DISRUPT	MULTIDRUG	CEFEPIME/CHLORAMPHENICOL/FLUOROQUINOLONE/MACROLIDE	POINTX	100.0	98.93
Pseudomonas aeruginosa		SAMN33819235	PDT002146244.1	JARLQN010000214.1	gyrA	4513	7275	+	gyrA_D87Y	Pseudomonas aeruginosa quinolone resistant GyrA	AMR	core	POINT	QUINOLONE	QUINOLONE	POINTX	100.0	99.57
Pseudomonas aeruginosa	HHZ7911050.1	SAMN48878533	PDT002992074.1	DBKRYA010000015.1	gyrA	116278	119043	-	gyrA_T83I	Pseudomonas aeruginosa quinolone resistant GyrA	AMR	core	POINT	QUINOLONE	QUINOLONE	POINTP	100.0	99.67
Pseudomonas aeruginosa	WP_034065700.1	SAMN60257148	PDT003226849.1	NZ_JBYMUF010000011.1	parC	102339	104603	-	parC_S87L	Pseudomonas aeruginosa quinolone resistant ParC	AMR	core	POINT	QUINOLONE	QUINOLONE	POINTP	100.0	99.73
Pseudomonas aeruginosa	WP_019484695.1	SAMN60257149	PDT003226859.1	NZ_JBYMUG010000064.1	gyrA	30223	32988	+	gyrA_T83I	Pseudomonas aeruginosa quinolone resistant GyrA	AMR	core	POINT	QUINOLONE	QUINOLONE	POINTP	100.0	99.67
Pseudomonas aeruginosa		SAMN04096277	PDT000084304.3	ABEVIV010000028.1	mexZ	33959	34588	+	mexZ_Q134Ter	Pseudomonas aeruginosa aminoglycoside/cefepime/fluoroquinolone resistant MexZ	AMR	core	POINT	AMINOGLYCOSIDE/BETA-LACTAM/QUINOLONE	AMINOGLYCOSIDE/CEFEPIME/FLUOROQUINOLONE	POINTX	100.0	99.52
Pseudomonas aeruginosa	WP_012075019.1	SAMN04901631	PDT000352616.1	NZ_QMGI01000002.1	gyrA	2658288	2661053	-	gyrA_T83I	Pseudomonas aeruginosa quinolone resistant GyrA	AMR	core	POINT	QUINOLONE	QUINOLONE	POINTP	100.0	99.13
Pseudomonas aeruginosa		SAMN29442029	PDT001395149.2	JANKOJ010000064.1	gyrA	16711	19473	+	gyrA_T83I	Pseudomonas aeruginosa quinolone resistant GyrA	AMR	core	POINT	QUINOLONE	QUINOLONE	POINTX	100.0	99.57
Pseudomonas aeruginosa		SAMN29442016	PDT001395162.2	JANKOW010000038.1	gyrA	115649	118411	-	gyrA_D87N	Pseudomonas aeruginosa quinolone resistant GyrA	AMR	core	POINT	QUINOLONE	QUINOLONE	POINTX	100.0	99.57
Pseudomonas aeruginosa		SAMN29441921	PDT001395256.2	JANKSN010000178.1	gyrA	11937	14699	-	gyrA_T83I	Pseudomonas aeruginosa quinolone resistant GyrA	AMR	core	POINT	QUINOLONE	QUINOLONE	POINTX	100.0	99.57
Pseudomonas aeruginosa		SAMN29441892	PDT001395285.2	JANKTQ010000092.1	gyrA	16711	19473	+	gyrA_T83I	Pseudomonas aeruginosa quinolone resistant GyrA	AMR	core	POINT	QUINOLONE	QUINOLONE	POINTX	100.0	99.57
Pseudomonas aeruginosa		SAMN29441887	PDT001395295.2	JANKTV010000096.1	gyrA	16711	19473	+	gyrA_D87N	Pseudomonas aeruginosa quinolone resistant GyrA	AMR	core	POINT	QUINOLONE	QUINOLONE	POINTX	100.0	99.57
Pseudomonas aeruginosa		SAMN29441878	PDT001395355.2	JANKUE010000094.1	gyrA	16711	19473	+	gyrA_T83I	Pseudomonas aeruginosa quinolone resistant GyrA	AMR	core	POINT	QUINOLONE	QUINOLONE	POINTX	100.0	99.57
Pseudomonas aeruginosa		SAMN29441872	PDT001395361.2	JANKUK010000104.1	gyrA	33202	35964	-	gyrA_T83I	Pseudomonas aeruginosa quinolone resistant GyrA	AMR	core	POINT	QUINOLONE	QUINOLONE	POINTX	100.0	99.57
Pseudomonas aeruginosa		SAMN29441867	PDT001395366.2	JANKUP010000134.1	gyrA	16711	19473	+	gyrA_T83I	Pseudomonas aeruginosa quinolone resistant GyrA	AMR	core	POINT	QUINOLONE	QUINOLONE	POINTX	100.0	99.57
Pseudomonas aeruginosa		SAMN29441850	PDT001395383.2	JANKVG010000170.1	gyrA	12592	15354	-	gyrA_T83I	Pseudomonas aeruginosa quinolone resistant GyrA	AMR	core	POINT	QUINOLONE	QUINOLONE	POINTX	100.0	99.57
Pseudomonas aeruginosa		SAMN29441848	PDT001395386.2	JANKVI010000180.1	gyrA	16711	19473	+	gyrA_T83I	Pseudomonas aeruginosa quinolone resistant GyrA	AMR	core	POINT	QUINOLONE	QUINOLONE	POINTX	100.0	99.57
Pseudomonas aeruginosa		SAMN29441820	PDT001395413.2	JANKWK010000082.1	gyrA	16711	19473	+	gyrA_T83I	Pseudomonas aeruginosa quinolone resistant GyrA	AMR	core	POINT	QUINOLONE	QUINOLONE	POINTX	100.0	99.57
Pseudomonas aeruginosa		SAMN29441795	PDT001395438.2	JANKXJ010000093.1	gyrA	16711	19473	+	gyrA_T83I	Pseudomonas aeruginosa quinolone resistant GyrA	AMR	core	POINT	QUINOLONE	QUINOLONE	POINTX	100.0	99.57
Pseudomonas aeruginosa		SAMN29441789	PDT001395444.2	JANKXP010000086.1	gyrA	16711	19473	+	gyrA_D87N	Pseudomonas aeruginosa quinolone resistant GyrA	AMR	core	POINT	QUINOLONE	QUINOLONE	POINTX	100.0	99.57
Pseudomonas aeruginosa		SAMN29441788	PDT001395445.2	JANKXQ010000077.1	gyrA	16711	19473	+	gyrA_D87N	Pseudomonas aeruginosa quinolone resistant GyrA	AMR	core	POINT	QUINOLONE	QUINOLONE	POINTX	100.0	99.57
Pseudomonas aeruginosa		SAMN29441787	PDT001395447.2	JANKXR010000084.1	gyrA	17988	20750	+	gyrA_T83I	Pseudomonas aeruginosa quinolone resistant GyrA	AMR	core	POINT	QUINOLONE	QUINOLONE	POINTX	100.0	99.57
Pseudomonas aeruginosa		SAMN29441785	PDT001395448.2	JANKXT010000083.1	gyrA	16711	19473	+	gyrA_T83I	Pseudomonas aeruginosa quinolone resistant GyrA	AMR	core	POINT	QUINOLONE	QUINOLONE	POINTX	100.0	99.57
Pseudomonas aeruginosa		SAMN29441783	PDT001395452.2	JANKXV010000102.1	gyrA	33202	35964	-	gyrA_T83I	Pseudomonas aeruginosa quinolone resistant GyrA	AMR	core	POINT	QUINOLONE	QUINOLONE	POINTX	100.0	99.57
Pseudomonas aeruginosa		SAMN29441779	PDT001395454.2	JANKXZ010000082.1	gyrA	33206	35968	-	gyrA_T83I	Pseudomonas aeruginosa quinolone resistant GyrA	AMR	core	POINT	QUINOLONE	QUINOLONE	POINTX	100.0	99.46
Pseudomonas aeruginosa		SAMN33819307	PDT002146175.1	JARLNT010000027.1	gyrA	71213	73981	-	gyrA_T83I	Pseudomonas aeruginosa quinolone resistant GyrA	AMR	core	POINT	QUINOLONE	QUINOLONE	POINTX	100.0	99.89
Pseudomonas aeruginosa		SAMN33819235	PDT002146244.1	JARLQN010000214.1	gyrA	4513	7275	+	gyrA_T83I	Pseudomonas aeruginosa quinolone resistant GyrA	AMR	core	POINT	QUINOLONE	QUINOLONE	POINTX	100.0	99.57
Pseudomonas aeruginosa	WP_033943478.1	SAMN04014949	PDT000167140.1	NZ_MPBN01000001.1	gyrA	3824179	3826950	-	gyrA_T83I	Pseudomonas aeruginosa quinolone resistant GyrA	AMR	core	POINT	QUINOLONE	QUINOLONE	POINTP	100.0	99.78
Pseudomonas aeruginosa	WP_033943478.1	SAMN07291537	PDT000311289.1	NZ_CP029089.1	gyrA	3352323	3355094	-	gyrA_T83I	Pseudomonas aeruginosa quinolone resistant GyrA	AMR	core	POINT	QUINOLONE	QUINOLONE	POINTP	100.0	99.78
Pseudomonas aeruginosa	WP_031640949.1	SAMN07291495	PDT000352617.1	NZ_QMGJ01000001.1	gyrB	6228666	6231086	+	gyrB_S466F	Pseudomonas aeruginosa quinolone resistant GyrB	AMR	core	POINT	QUINOLONE	QUINOLONE	POINTP	100.0	99.88
Pseudomonas aeruginosa		SAMN09788332	PDT000424956.1	NZ_RXTO01000019.1	mexZ	73541	74159	-	mexZ_I16RfsTer51	Pseudomonas aeruginosa aminoglycoside/cefepime/fluoroquinolone resistant MexZ	AMR	core	POINT_DISRUPT	AMINOGLYCOSIDE/BETA-LACTAM/QUINOLONE	AMINOGLYCOSIDE/CEFEPIME/FLUOROQUINOLONE	POINTX	100.0	100.0
Pseudomonas aeruginosa	WP_012613862.1	SAMN09788414	PDT000424985.1	NZ_RXUW01000113.1	gyrA	16715	19486	+	gyrA_T83I	Pseudomonas aeruginosa quinolone resistant GyrA	AMR	core	POINT	QUINOLONE	QUINOLONE	POINTP	100.0	99.89
Pseudomonas aeruginosa	WP_019484695.1	SAMN17616831	PDT000967878.1	NZ_JAFFGY010000015.1	gyrA	286951	289716	-	gyrA_T83I	Pseudomonas aeruginosa quinolone resistant GyrA	AMR	core	POINT	QUINOLONE	QUINOLONE	POINTP	100.0	99.67
Pseudomonas aeruginosa		SAMN29442016	PDT001395162.2	JANKOW010000038.1	gyrA	115649	118411	-	gyrA_T83I	Pseudomonas aeruginosa quinolone resistant GyrA	AMR	core	POINT	QUINOLONE	QUINOLONE	POINTX	100.0	99.57
Pseudomonas aeruginosa		SAMN29441888	PDT001395291.2	JANKTU010000017.1	gyrA	16860	19622	+	gyrA_D87N	Pseudomonas aeruginosa quinolone resistant GyrA	AMR	core	POINT	QUINOLONE	QUINOLONE	POINTX	100.0	99.57
Pseudomonas aeruginosa		SAMN29441887	PDT001395295.2	JANKTV010000096.1	gyrA	16711	19473	+	gyrA_T83I	Pseudomonas aeruginosa quinolone resistant GyrA	AMR	core	POINT	QUINOLONE	QUINOLONE	POINTX	100.0	99.57
Pseudomonas aeruginosa		SAMN29441789	PDT001395444.2	JANKXP010000086.1	gyrA	16711	19473	+	gyrA_T83I	Pseudomonas aeruginosa quinolone resistant GyrA	AMR	core	POINT	QUINOLONE	QUINOLONE	POINTX	100.0	99.57
Pseudomonas aeruginosa		SAMN29441788	PDT001395445.2	JANKXQ010000077.1	gyrA	16711	19473	+	gyrA_T83I	Pseudomonas aeruginosa quinolone resistant GyrA	AMR	core	POINT	QUINOLONE	QUINOLONE	POINTX	100.0	99.57
Pseudomonas aeruginosa	WP_012613862.1	SAMN36409446	PDT001823069.1	NZ_JAUKUE010000037.1	gyrA	49263	52034	-	gyrA_T83I	Pseudomonas aeruginosa quinolone resistant GyrA	AMR	core	POINT	QUINOLONE	QUINOLONE	POINTP	100.0	99.89
Pseudomonas aeruginosa	WP_019484695.1	SAMN60257152	PDT003226861.1	NZ_JBYMUI010000048.1	gyrA	44360	47125	+	gyrA_T83I	Pseudomonas aeruginosa quinolone resistant GyrA	AMR	core	POINT	QUINOLONE	QUINOLONE	POINTP	100.0	99.67
Pseudomonas aeruginosa		SAMN04014933	PDT000167133.1	NZ_MPBS01000001.1	mexZ	794362	794978	-	mexZ_G195CfsTer39	Pseudomonas aeruginosa aminoglycoside/cefepime/fluoroquinolone resistant MexZ	AMR	core	POINT_DISRUPT	AMINOGLYCOSIDE/BETA-LACTAM/QUINOLONE	AMINOGLYCOSIDE/CEFEPIME/FLUOROQUINOLONE	POINTX	100.0	99.51
Pseudomonas aeruginosa		SAMN06015657	PDT000173727.2	ABEVIM010000102.1	mexZ	11135	11763	-	mexZ_E178GfsTer60	Pseudomonas aeruginosa aminoglycoside/cefepime/fluoroquinolone resistant MexZ	AMR	core	POINT_DISRUPT	AMINOGLYCOSIDE/BETA-LACTAM/QUINOLONE	AMINOGLYCOSIDE/CEFEPIME/FLUOROQUINOLONE	POINTX	100.0	100.0
Pseudomonas aeruginosa	WP_014603516.1	SAMN04901620	PDT000292996.1	NZ_CP027174.1	parC	4763597	4765861	-	parC_S87L	Pseudomonas aeruginosa quinolone resistant ParC	AMR	core	POINT	QUINOLONE	QUINOLONE	POINTP	100.0	99.87
Pseudomonas aeruginosa	WP_012613862.1	SAMN09788368	PDT000424987.1	NZ_RXUZ01000082.1	gyrA	7256	10027	-	gyrA_T83I	Pseudomonas aeruginosa quinolone resistant GyrA	AMR	core	POINT	QUINOLONE	QUINOLONE	POINTP	100.0	99.89
Pseudomonas aeruginosa		SAMN29441888	PDT001395291.2	JANKTU010000017.1	gyrA	16860	19622	+	gyrA_T83I	Pseudomonas aeruginosa quinolone resistant GyrA	AMR	core	POINT	QUINOLONE	QUINOLONE	POINTX	100.0	99.57
Pseudomonas aeruginosa		SAMN29441807	PDT001395425.2	JANKWX010000017.1	gyrA	115664	118426	-	gyrA_D87N	Pseudomonas aeruginosa quinolone resistant GyrA	AMR	core	POINT	QUINOLONE	QUINOLONE	POINTX	100.0	99.57
Pseudomonas aeruginosa	WP_012613862.1	SAMN36409445	PDT001823068.1	NZ_JAUKUF010000038.1	gyrA	10033	12804	+	gyrA_T83I	Pseudomonas aeruginosa quinolone resistant GyrA	AMR	core	POINT	QUINOLONE	QUINOLONE	POINTP	100.0	99.89
Pseudomonas aeruginosa		SAMN33819246	PDT002146234.1	JARLQC010000037.1	nfxB	68416	68976	+	nfxB_Q131Ter	Pseudomonas aeruginosa cefepime/chloramphenicol/fluoroquinolone/macrolide resistant NfxB	AMR	core	POINT_DISRUPT	MULTIDRUG	CEFEPIME/CHLORAMPHENICOL/FLUOROQUINOLONE/MACROLIDE	POINTX	100.0	98.4
Pseudomonas aeruginosa	WP_033940430.1	SAMN04014936	PDT000294804.1	NZ_CP027538.1	parC	3783932	3786196	+	parC_S87L	Pseudomonas aeruginosa quinolone resistant ParC	AMR	core	POINT	QUINOLONE	QUINOLONE	POINTP	100.0	99.73
Pseudomonas aeruginosa	WP_012613862.1	SAMN07291549	PDT000352614.1	NZ_QMGO01000001.1	gyrA	5798436	5801207	+	gyrA_T83I	Pseudomonas aeruginosa quinolone resistant GyrA	AMR	core	POINT	QUINOLONE	QUINOLONE	POINTP	100.0	99.89
Pseudomonas aeruginosa	WP_033948857.1	SAMN09788332	PDT000424956.1	NZ_RXTO01000051.1	gyrB	35120	37540	-	gyrB_E468D	Pseudomonas aeruginosa quinolone resistant GyrB	AMR	core	POINT	QUINOLONE	QUINOLONE	POINTP	100.0	99.88
Pseudomonas aeruginosa		SAMN29441992	PDT001395183.2	JANKPU010000067.1	gyrA	33202	35964	-	gyrA_D87N	Pseudomonas aeruginosa quinolone resistant GyrA	AMR	core	POINT	QUINOLONE	QUINOLONE	POINTX	100.0	99.57
Pseudomonas aeruginosa		SAMN29441970	PDT001395209.2	JANKQQ010000070.1	gyrA	16711	19473	+	gyrA_D87N	Pseudomonas aeruginosa quinolone resistant GyrA	AMR	core	POINT	QUINOLONE	QUINOLONE	POINTX	100.0	99.57
Pseudomonas aeruginosa		SAMN29441807	PDT001395425.2	JANKWX010000017.1	gyrA	115664	118426	-	gyrA_T83I	Pseudomonas aeruginosa quinolone resistant GyrA	AMR	core	POINT	QUINOLONE	QUINOLONE	POINTX	100.0	99.57
Pseudomonas aeruginosa		SAMN29441802	PDT001395430.2	JANKXC010000086.1	gyrA	72278	75040	-	gyrA_D87N	Pseudomonas aeruginosa quinolone resistant GyrA	AMR	core	POINT	QUINOLONE	QUINOLONE	POINTX	100.0	99.57
Pseudomonas aeruginosa		SAMN33819307	PDT002146175.1	JARLNT010000040.1	mexZ	41237	41855	+	mexZ_I16RfsTer51	Pseudomonas aeruginosa aminoglycoside/cefepime/fluoroquinolone resistant MexZ	AMR	core	POINT_DISRUPT	AMINOGLYCOSIDE/BETA-LACTAM/QUINOLONE	AMINOGLYCOSIDE/CEFEPIME/FLUOROQUINOLONE	POINTX	100.0	100.0
Pseudomonas aeruginosa		SAMN33819302	PDT002146179.1	JARLNY010000113.1	gyrA	16753	19515	+	gyrA_T83I	Pseudomonas aeruginosa quinolone resistant GyrA	AMR	core	POINT	QUINOLONE	QUINOLONE	POINTX	100.0	99.67
Pseudomonas aeruginosa	HHZ8865851.1	SAMN48878597	PDT002991567.1	DBKSFQ010000033.1	gyrA	44397	47162	-	gyrA_T83I	Pseudomonas aeruginosa quinolone resistant GyrA	AMR	core	POINT	QUINOLONE	QUINOLONE	POINTP	100.0	99.67
Pseudomonas aeruginosa	WP_019484695.1	SAMN60257151	PDT003226858.1	NZ_JBYMUH010000045.1	gyrA	9618	12383	-	gyrA_T83I	Pseudomonas aeruginosa quinolone resistant GyrA	AMR	core	POINT	QUINOLONE	QUINOLONE	POINTP	100.0	99.67
Pseudomonas aeruginosa	WP_014603516.1	SAMN04014944	PDT000167132.1	NZ_MPBP01000001.1	parC	2352291	2354555	+	parC_S87L	Pseudomonas aeruginosa quinolone resistant ParC	AMR	core	POINT	QUINOLONE	QUINOLONE	POINTP	100.0	99.87
Pseudomonas aeruginosa	WP_034043067.1	SAMN04014941	PDT000167135.1	NZ_MPBQ01000001.1	parE	4040589	4042478	+	parE_S457G	Pseudomonas aeruginosa quinolone resistant ParE	AMR	core	POINT	QUINOLONE	QUINOLONE	POINTP	100.0	99.68
Pseudomonas aeruginosa	WP_012613862.1	SAMN04014946	PDT000167136.1	NZ_MPBO01000004.1	gyrA	1211203	1213974	+	gyrA_T83I	Pseudomonas aeruginosa quinolone resistant GyrA	AMR	core	POINT	QUINOLONE	QUINOLONE	POINTP	100.0	99.89
Pseudomonas aeruginosa	EIU7145463.1	SAMN07450855	PDT000231458.2	ABEVII010000047.1	gyrB	4117	6537	-	gyrB_S466F	Pseudomonas aeruginosa quinolone resistant GyrB	AMR	core	POINT	QUINOLONE	QUINOLONE	POINTP	100.0	99.88
Pseudomonas aeruginosa	WP_033940430.1	SAMN07291498	PDT000294805.1	NZ_PSQQ01000001.1	parC	1505994	1508258	-	parC_S87L	Pseudomonas aeruginosa quinolone resistant ParC	AMR	core	POINT	QUINOLONE	QUINOLONE	POINTP	100.0	99.73
Pseudomonas aeruginosa	WP_014603516.1	SAMN07291537	PDT000311289.1	NZ_CP029089.1	parC	4911286	4913550	-	parC_S87L	Pseudomonas aeruginosa quinolone resistant ParC	AMR	core	POINT	QUINOLONE	QUINOLONE	POINTP	100.0	99.87
Pseudomonas aeruginosa	WP_126522758.1	SAMN09788317	PDT000424964.1	NZ_RXSZ01000166.1	nfxB	110	673	+	nfxB_T39P	Pseudomonas aeruginosa quinolone resistant NfxB	AMR	core	POINT	QUINOLONE	QUINOLONE	POINTP	100.0	99.47
Pseudomonas aeruginosa		SAMN29441992	PDT001395183.2	JANKPU010000067.1	gyrA	33202	35964	-	gyrA_T83I	Pseudomonas aeruginosa quinolone resistant GyrA	AMR	core	POINT	QUINOLONE	QUINOLONE	POINTX	100.0	99.57
Pseudomonas aeruginosa		SAMN29441994	PDT001395185.2	JANKPS010000098.1	gyrA	33202	35964	-	gyrA_D87N	Pseudomonas aeruginosa quinolone resistant GyrA	AMR	core	POINT	QUINOLONE	QUINOLONE	POINTX	100.0	99.57
Pseudomonas aeruginosa		SAMN29441974	PDT001395204.2	JANKQM010000086.1	gyrA	72276	75038	-	gyrA_D87N	Pseudomonas aeruginosa quinolone resistant GyrA	AMR	core	POINT	QUINOLONE	QUINOLONE	POINTX	100.0	99.57
Pseudomonas aeruginosa		SAMN29441970	PDT001395209.2	JANKQQ010000070.1	gyrA	16711	19473	+	gyrA_T83I	Pseudomonas aeruginosa quinolone resistant GyrA	AMR	core	POINT	QUINOLONE	QUINOLONE	POINTX	100.0	99.57
Pseudomonas aeruginosa		SAMN29441964	PDT001395214.2	JANKQW010000105.1	gyrA	16711	19473	+	gyrA_D87N	Pseudomonas aeruginosa quinolone resistant GyrA	AMR	core	POINT	QUINOLONE	QUINOLONE	POINTX	100.0	99.46
Pseudomonas aeruginosa		SAMN29441963	PDT001395218.2	JANKQX010000110.1	gyrA	16711	19473	+	gyrA_D87N	Pseudomonas aeruginosa quinolone resistant GyrA	AMR	core	POINT	QUINOLONE	QUINOLONE	POINTX	100.0	99.57
Pseudomonas aeruginosa		SAMN29441951	PDT001395228.2	JANKRJ010000096.1	parC	64560	66821	+	parC_S87L	Pseudomonas aeruginosa quinolone resistant ParC	AMR	core	POINT	QUINOLONE	QUINOLONE	POINTX	100.0	99.73
Pseudomonas aeruginosa		SAMN29441947	PDT001395229.2	JANKRN010000090.1	gyrA	72475	75237	-	gyrA_D87N	Pseudomonas aeruginosa quinolone resistant GyrA	AMR	core	POINT	QUINOLONE	QUINOLONE	POINTX	100.0	99.57
Pseudomonas aeruginosa		SAMN29441923	PDT001395257.2	JANKSL010000171.1	gyrA	16711	19473	+	gyrA_D87N	Pseudomonas aeruginosa quinolone resistant GyrA	AMR	core	POINT	QUINOLONE	QUINOLONE	POINTX	100.0	99.57
Pseudomonas aeruginosa		SAMN29441899	PDT001395279.2	JANKTJ010000082.1	gyrA	16711	19473	+	gyrA_D87N	Pseudomonas aeruginosa quinolone resistant GyrA	AMR	core	POINT	QUINOLONE	QUINOLONE	POINTX	100.0	99.57
Pseudomonas aeruginosa		SAMN29441898	PDT001395280.2	JANKTK010000058.1	gyrA	72569	75331	-	gyrA_D87N	Pseudomonas aeruginosa quinolone resistant GyrA	AMR	core	POINT	QUINOLONE	QUINOLONE	POINTX	100.0	99.57
Pseudomonas aeruginosa		SAMN29441895	PDT001395282.2	JANKTN010000086.1	gyrA	33277	36039	-	gyrA_D87N	Pseudomonas aeruginosa quinolone resistant GyrA	AMR	core	POINT	QUINOLONE	QUINOLONE	POINTX	100.0	99.57
Pseudomonas aeruginosa		SAMN29441896	PDT001395284.2	JANKTM010000082.1	gyrA	16711	19473	+	gyrA_D87N	Pseudomonas aeruginosa quinolone resistant GyrA	AMR	core	POINT	QUINOLONE	QUINOLONE	POINTX	100.0	99.57
Pseudomonas aeruginosa		SAMN29441894	PDT001395286.2	JANKTO010000084.1	gyrA	16711	19473	+	gyrA_D87N	Pseudomonas aeruginosa quinolone resistant GyrA	AMR	core	POINT	QUINOLONE	QUINOLONE	POINTX	100.0	99.57
Pseudomonas aeruginosa		SAMN29441886	PDT001395290.2	JANKTW010000098.1	gyrA	16711	19473	+	gyrA_D87N	Pseudomonas aeruginosa quinolone resistant GyrA	AMR	core	POINT	QUINOLONE	QUINOLONE	POINTX	100.0	99.57
Pseudomonas aeruginosa		SAMN29441885	PDT001395296.2	JANKTX010000080.1	gyrA	72276	75038	-	gyrA_D87N	Pseudomonas aeruginosa quinolone resistant GyrA	AMR	core	POINT	QUINOLONE	QUINOLONE	POINTX	100.0	99.57
Pseudomonas aeruginosa		SAMN29441884	PDT001395350.2	JANKTY010000070.1	gyrA	16711	19473	+	gyrA_D87N	Pseudomonas aeruginosa quinolone resistant GyrA	AMR	core	POINT	QUINOLONE	QUINOLONE	POINTX	100.0	99.57
Pseudomonas aeruginosa		SAMN29441880	PDT001395353.2	JANKUC010000088.1	gyrA	16711	19473	+	gyrA_D87N	Pseudomonas aeruginosa quinolone resistant GyrA	AMR	core	POINT	QUINOLONE	QUINOLONE	POINTX	100.0	99.57
Pseudomonas aeruginosa		SAMN29441879	PDT001395354.2	JANKUD010000091.1	gyrA	72276	75038	-	gyrA_D87N	Pseudomonas aeruginosa quinolone resistant GyrA	AMR	core	POINT	QUINOLONE	QUINOLONE	POINTX	100.0	99.57
Pseudomonas aeruginosa		SAMN29441870	PDT001395363.2	JANKUM010000133.1	parC	7969	10230	-	parC_S87L	Pseudomonas aeruginosa quinolone resistant ParC	AMR	core	POINT	QUINOLONE	QUINOLONE	POINTX	100.0	99.73
Pseudomonas aeruginosa		SAMN29441864	PDT001395369.2	JANKUS010000141.1	gyrA	16711	19473	+	gyrA_D87N	Pseudomonas aeruginosa quinolone resistant GyrA	AMR	core	POINT	QUINOLONE	QUINOLONE	POINTX	100.0	99.57
Pseudomonas aeruginosa		SAMN29441859	PDT001395374.2	JANKUX010000022.1	gyrA	16861	19623	+	gyrA_D87N	Pseudomonas aeruginosa quinolone resistant GyrA	AMR	core	POINT	QUINOLONE	QUINOLONE	POINTX	100.0	99.57
Pseudomonas aeruginosa		SAMN29441843	PDT001395389.2	JANKVN010000107.1	gyrA	5300	8062	-	gyrA_D87N	Pseudomonas aeruginosa quinolone resistant GyrA	AMR	core	POINT	QUINOLONE	QUINOLONE	POINTX	100.0	99.57
Pseudomonas aeruginosa		SAMN29441840	PDT001395392.2	JANKVQ010000060.1	gyrA	72276	75038	-	gyrA_D87N	Pseudomonas aeruginosa quinolone resistant GyrA	AMR	core	POINT	QUINOLONE	QUINOLONE	POINTX	100.0	99.57
Pseudomonas aeruginosa		SAMN29441839	PDT001395393.2	JANKVR010000122.1	gyrA	9088	11850	-	gyrA_D87N	Pseudomonas aeruginosa quinolone resistant GyrA	AMR	core	POINT	QUINOLONE	QUINOLONE	POINTX	100.0	99.57
Pseudomonas aeruginosa		SAMN29441838	PDT001395395.2	JANKVS010000087.1	gyrA	16711	19473	+	gyrA_D87N	Pseudomonas aeruginosa quinolone resistant GyrA	AMR	core	POINT	QUINOLONE	QUINOLONE	POINTX	100.0	99.57
Pseudomonas aeruginosa		SAMN29441834	PDT001395399.2	JANKVW010000095.1	gyrA	16711	19473	+	gyrA_D87N	Pseudomonas aeruginosa quinolone resistant GyrA	AMR	core	POINT	QUINOLONE	QUINOLONE	POINTX	100.0	99.57
Pseudomonas aeruginosa		SAMN29441831	PDT001395402.2	JANKVZ010000091.1	gyrA	16711	19473	+	gyrA_D87N	Pseudomonas aeruginosa quinolone resistant GyrA	AMR	core	POINT	QUINOLONE	QUINOLONE	POINTX	100.0	99.57
Pseudomonas aeruginosa		SAMN29441830	PDT001395403.2	JANKWA010000081.1	gyrA	16711	19473	+	gyrA_D87N	Pseudomonas aeruginosa quinolone resistant GyrA	AMR	core	POINT	QUINOLONE	QUINOLONE	POINTX	100.0	99.57
Pseudomonas aeruginosa		SAMN29441816	PDT001395418.2	JANKWO010000078.1	gyrA	33202	35964	-	gyrA_D87N	Pseudomonas aeruginosa quinolone resistant GyrA	AMR	core	POINT	QUINOLONE	QUINOLONE	POINTX	100.0	99.57
Pseudomonas aeruginosa		SAMN29441804	PDT001395429.2	JANKXA010000100.1	gyrA	115165	117927	-	gyrA_D87N	Pseudomonas aeruginosa quinolone resistant GyrA	AMR	core	POINT	QUINOLONE	QUINOLONE	POINTX	100.0	99.57
Pseudomonas aeruginosa		SAMN29441802	PDT001395430.2	JANKXC010000086.1	gyrA	72278	75040	-	gyrA_T83I	Pseudomonas aeruginosa quinolone resistant GyrA	AMR	core	POINT	QUINOLONE	QUINOLONE	POINTX	100.0	99.57
Pseudomonas aeruginosa		SAMN29441803	PDT001395432.2	JANKXB010000094.1	gyrA	16711	19473	+	gyrA_D87N	Pseudomonas aeruginosa quinolone resistant GyrA	AMR	core	POINT	QUINOLONE	QUINOLONE	POINTX	100.0	99.57
Pseudomonas aeruginosa		SAMN29441792	PDT001395441.2	JANKXM010000102.1	gyrA	72278	75040	-	gyrA_D87N	Pseudomonas aeruginosa quinolone resistant GyrA	AMR	core	POINT	QUINOLONE	QUINOLONE	POINTX	100.0	99.57
Pseudomonas aeruginosa		SAMN29441791	PDT001395442.2	JANKXN010000102.1	gyrA	16711	19473	+	gyrA_D87N	Pseudomonas aeruginosa quinolone resistant GyrA	AMR	core	POINT	QUINOLONE	QUINOLONE	POINTX	100.0	99.57
Pseudomonas aeruginosa		SAMN33819324	PDT002145731.1	JARLNC010000044.1	parE	20819	22705	+	parE_A473V	Pseudomonas aeruginosa quinolone resistant ParE	AMR	core	POINT	QUINOLONE	QUINOLONE	POINTX	100.0	99.68
Pseudomonas aeruginosa		SAMN33819270	PDT002146212.1	JARLPE010000035.1	parC	60397	62658	-	parC_S87L	Pseudomonas aeruginosa quinolone resistant ParC	AMR	core	POINT	QUINOLONE	QUINOLONE	POINTX	100.0	99.87
Pseudomonas aeruginosa	WP_034065700.1	SAMN60257163	PDT003226847.1	NZ_JBYMUT010000020.1	parC	34406	36670	-	parC_S87L	Pseudomonas aeruginosa quinolone resistant ParC	AMR	core	POINT	QUINOLONE	QUINOLONE	POINTP	100.0	99.73
Pseudomonas aeruginosa	WP_012613862.1	SAMN60257157	PDT003226857.1	NZ_JBYMUN010000068.1	gyrA	11262	14033	+	gyrA_T83I	Pseudomonas aeruginosa quinolone resistant GyrA	AMR	core	POINT	QUINOLONE	QUINOLONE	POINTP	100.0	99.89
Pseudomonas aeruginosa	WP_034065700.1	SAMN60257152	PDT003226861.1	NZ_JBYMUI010000055.1	parC	34411	36675	-	parC_S87L	Pseudomonas aeruginosa quinolone resistant ParC	AMR	core	POINT	QUINOLONE	QUINOLONE	POINTP	100.0	99.73
Pseudomonas aeruginosa	WP_012613862.1	SAMN60257158	PDT003226864.1	NZ_JBYMUO010000036.1	gyrA	51725	54496	-	gyrA_T83I	Pseudomonas aeruginosa quinolone resistant GyrA	AMR	core	POINT	QUINOLONE	QUINOLONE	POINTP	100.0	99.89
Pseudomonas aeruginosa	WP_014603516.1	SAMN07291500	PDT000292998.1	NZ_CP027166.1	parC	2490596	2492860	+	parC_S87L	Pseudomonas aeruginosa quinolone resistant ParC	AMR	core	POINT	QUINOLONE	QUINOLONE	POINTP	100.0	99.87
Pseudomonas aeruginosa	WP_063840321.1	SAMN09788324	PDT000424966.1	NZ_RXTG01000173.1	aac(6')-Ib-cr5	1543	2097	-	aac(6')-Ib-cr5	fluoroquinolone-acetylating aminoglycoside 6'-N-acetyltransferase AAC(6')-Ib-cr5	AMR	core	AMR	AMINOGLYCOSIDE/QUINOLONE	AMIKACIN/KANAMYCIN/QUINOLONE/TOBRAMYCIN	ALLELEP	100.0	100.0
Pseudomonas aeruginosa		SAMN09788356	PDT000424980.1	NZ_RXUM01000026.1	mexZ	217938	218565	-	mexZ_C171RfsTer139	Pseudomonas aeruginosa aminoglycoside/cefepime/fluoroquinolone resistant MexZ	AMR	core	POINT_DISRUPT	AMINOGLYCOSIDE/BETA-LACTAM/QUINOLONE	AMINOGLYCOSIDE/CEFEPIME/FLUOROQUINOLONE	POINTX	100.0	99.52
Pseudomonas aeruginosa	WP_033948857.1	SAMN09788370	PDT000424988.1	NZ_RXVB01000034.1	gyrB	35023	37443	-	gyrB_E468D	Pseudomonas aeruginosa quinolone resistant GyrB	AMR	core	POINT	QUINOLONE	QUINOLONE	POINTP	100.0	99.88
Pseudomonas aeruginosa		SAMN29442027	PDT001395151.2	JANKOL010000107.1	gyrA	12592	15354	-	gyrA_D87N	Pseudomonas aeruginosa quinolone resistant GyrA	AMR	core	POINT	QUINOLONE	QUINOLONE	POINTX	100.0	99.57
Pseudomonas aeruginosa		SAMN29442026	PDT001395152.2	JANKOM010000101.1	gyrA	16711	19473	+	gyrA_D87N	Pseudomonas aeruginosa quinolone resistant GyrA	AMR	core	POINT	QUINOLONE	QUINOLONE	POINTX	100.0	99.57
Pseudomonas aeruginosa		SAMN29442025	PDT001395153.2	JANKON010000052.1	gyrA	16711	19473	+	gyrA_D87N	Pseudomonas aeruginosa quinolone resistant GyrA	AMR	core	POINT	QUINOLONE	QUINOLONE	POINTX	100.0	99.57
Pseudomonas aeruginosa		SAMN29442007	PDT001395172.2	JANKPF010000064.1	parC	7966	10227	-	parC_S87L	Pseudomonas aeruginosa quinolone resistant ParC	AMR	core	POINT	QUINOLONE	QUINOLONE	POINTX	100.0	99.73
Pseudomonas aeruginosa		SAMN29442003	PDT001395175.2	JANKPJ010000030.1	gyrA	16861	19623	+	gyrA_D87N	Pseudomonas aeruginosa quinolone resistant GyrA	AMR	core	POINT	QUINOLONE	QUINOLONE	POINTX	100.0	99.57
Pseudomonas aeruginosa		SAMN29441994	PDT001395185.2	JANKPS010000098.1	gyrA	33202	35964	-	gyrA_T83I	Pseudomonas aeruginosa quinolone resistant GyrA	AMR	core	POINT	QUINOLONE	QUINOLONE	POINTX	100.0	99.57
Pseudomonas aeruginosa		SAMN29441991	PDT001395187.2	JANKPV010000086.1	gyrA	16711	19473	+	gyrA_D87N	Pseudomonas aeruginosa quinolone resistant GyrA	AMR	core	POINT	QUINOLONE	QUINOLONE	POINTX	100.0	99.57
Pseudomonas aeruginosa		SAMN29441981	PDT001395197.2	JANKQF010000111.1	gyrA	29170	31932	-	gyrA_D87N	Pseudomonas aeruginosa quinolone resistant GyrA	AMR	core	POINT	QUINOLONE	QUINOLONE	POINTX	100.0	99.57
Pseudomonas aeruginosa		SAMN29441978	PDT001395198.2	JANKQI010000155.1	gyrA	11938	14700	-	gyrA_D87N	Pseudomonas aeruginosa quinolone resistant GyrA	AMR	core	POINT	QUINOLONE	QUINOLONE	POINTX	100.0	99.57
Pseudomonas aeruginosa		SAMN29441977	PDT001395201.2	JANKQJ010000156.1	gyrA	16711	19473	+	gyrA_D87N	Pseudomonas aeruginosa quinolone resistant GyrA	AMR	core	POINT	QUINOLONE	QUINOLONE	POINTX	100.0	99.57
Pseudomonas aeruginosa		SAMN29441974	PDT001395204.2	JANKQM010000086.1	gyrA	72276	75038	-	gyrA_T83I	Pseudomonas aeruginosa quinolone resistant GyrA	AMR	core	POINT	QUINOLONE	QUINOLONE	POINTX	100.0	99.57
Pseudomonas aeruginosa		SAMN29441973	PDT001395205.2	JANKQN010000115.1	gyrA	16711	19473	+	gyrA_D87N	Pseudomonas aeruginosa quinolone resistant GyrA	AMR	core	POINT	QUINOLONE	QUINOLONE	POINTX	100.0	99.57
Pseudomonas aeruginosa		SAMN29441972	PDT001395206.2	JANKQO010000135.1	gyrA	11935	14697	-	gyrA_D87N	Pseudomonas aeruginosa quinolone resistant GyrA	AMR	core	POINT	QUINOLONE	QUINOLONE	POINTX	100.0	99.57
Pseudomonas aeruginosa		SAMN29441971	PDT001395211.2	JANKQP010000080.1	gyrA	16711	19473	+	gyrA_D87N	Pseudomonas aeruginosa quinolone resistant GyrA	AMR	core	POINT	QUINOLONE	QUINOLONE	POINTX	100.0	99.57
Pseudomonas aeruginosa		SAMN29441965	PDT001395212.2	JANKQV010000127.1	gyrA	11939	14701	-	gyrA_D87N	Pseudomonas aeruginosa quinolone resistant GyrA	AMR	core	POINT	QUINOLONE	QUINOLONE	POINTX	100.0	99.57
Pseudomonas aeruginosa		SAMN29441964	PDT001395214.2	JANKQW010000105.1	gyrA	16711	19473	+	gyrA_T83I	Pseudomonas aeruginosa quinolone resistant GyrA	AMR	core	POINT	QUINOLONE	QUINOLONE	POINTX	100.0	99.46
Pseudomonas aeruginosa		SAMN29441963	PDT001395218.2	JANKQX010000110.1	gyrA	16711	19473	+	gyrA_T83I	Pseudomonas aeruginosa quinolone resistant GyrA	AMR	core	POINT	QUINOLONE	QUINOLONE	POINTX	100.0	99.57
Pseudomonas aeruginosa		SAMN29441947	PDT001395229.2	JANKRN010000090.1	gyrA	72475	75237	-	gyrA_T83I	Pseudomonas aeruginosa quinolone resistant GyrA	AMR	core	POINT	QUINOLONE	QUINOLONE	POINTX	100.0	99.57
Pseudomonas aeruginosa		SAMN29441944	PDT001395237.2	JANKRQ010000105.1	gyrA	33279	36041	-	gyrA_D87N	Pseudomonas aeruginosa quinolone resistant GyrA	AMR	core	POINT	QUINOLONE	QUINOLONE	POINTX	100.0	99.57
Pseudomonas aeruginosa		SAMN29441938	PDT001395238.2	JANKRW010000050.1	gyrA	16711	19473	+	gyrA_D87N	Pseudomonas aeruginosa quinolone resistant GyrA	AMR	core	POINT	QUINOLONE	QUINOLONE	POINTX	100.0	99.57
Pseudomonas aeruginosa		SAMN29441934	PDT001395242.2	JANKSA010000113.1	gyrA	16711	19473	+	gyrA_D87N	Pseudomonas aeruginosa quinolone resistant GyrA	AMR	core	POINT	QUINOLONE	QUINOLONE	POINTX	100.0	99.57
Pseudomonas aeruginosa		SAMN29441926	PDT001395251.2	JANKSI010000113.1	gyrA	16711	19473	+	gyrA_D87N	Pseudomonas aeruginosa quinolone resistant GyrA	AMR	core	POINT	QUINOLONE	QUINOLONE	POINTX	100.0	99.57
Pseudomonas aeruginosa		SAMN29441923	PDT001395257.2	JANKSL010000171.1	gyrA	16711	19473	+	gyrA_T83I	Pseudomonas aeruginosa quinolone resistant GyrA	AMR	core	POINT	QUINOLONE	QUINOLONE	POINTX	100.0	99.57
Pseudomonas aeruginosa		SAMN29441922	PDT001395259.2	JANKSM010000119.1	gyrA	16711	19473	+	gyrA_D87N	Pseudomonas aeruginosa quinolone resistant GyrA	AMR	core	POINT	QUINOLONE	QUINOLONE	POINTX	100.0	99.57
Pseudomonas aeruginosa		SAMN29441915	PDT001395262.2	JANKST010000107.1	parC	7980	10241	-	parC_S87L	Pseudomonas aeruginosa quinolone resistant ParC	AMR	core	POINT	QUINOLONE	QUINOLONE	POINTX	100.0	99.73
Pseudomonas aeruginosa		SAMN29441899	PDT001395279.2	JANKTJ010000082.1	gyrA	16711	19473	+	gyrA_T83I	Pseudomonas aeruginosa quinolone resistant GyrA	AMR	core	POINT	QUINOLONE	QUINOLONE	POINTX	100.0	99.57
Pseudomonas aeruginosa		SAMN29441898	PDT001395280.2	JANKTK010000058.1	gyrA	72569	75331	-	gyrA_T83I	Pseudomonas aeruginosa quinolone resistant GyrA	AMR	core	POINT	QUINOLONE	QUINOLONE	POINTX	100.0	99.57
Pseudomonas aeruginosa		SAMN29441893	PDT001395281.2	JANKTP010000084.1	gyrA	7241	10003	-	gyrA_D87N	Pseudomonas aeruginosa quinolone resistant GyrA	AMR	core	POINT	QUINOLONE	QUINOLONE	POINTX	100.0	99.57
Pseudomonas aeruginosa		SAMN29441895	PDT001395282.2	JANKTN010000086.1	gyrA	33277	36039	-	gyrA_T83I	Pseudomonas aeruginosa quinolone resistant GyrA	AMR	core	POINT	QUINOLONE	QUINOLONE	POINTX	100.0	99.57
Pseudomonas aeruginosa		SAMN29441896	PDT001395284.2	JANKTM010000082.1	gyrA	16711	19473	+	gyrA_T83I	Pseudomonas aeruginosa quinolone resistant GyrA	AMR	core	POINT	QUINOLONE	QUINOLONE	POINTX	100.0	99.57
Pseudomonas aeruginosa		SAMN29441894	PDT001395286.2	JANKTO010000084.1	gyrA	16711	19473	+	gyrA_T83I	Pseudomonas aeruginosa quinolone resistant GyrA	AMR	core	POINT	QUINOLONE	QUINOLONE	POINTX	100.0	99.57
Pseudomonas aeruginosa		SAMN29441886	PDT001395290.2	JANKTW010000098.1	gyrA	16711	19473	+	gyrA_T83I	Pseudomonas aeruginosa quinolone resistant GyrA	AMR	core	POINT	QUINOLONE	QUINOLONE	POINTX	100.0	99.57
Pseudomonas aeruginosa		SAMN29441885	PDT001395296.2	JANKTX010000080.1	gyrA	72276	75038	-	gyrA_T83I	Pseudomonas aeruginosa quinolone resistant GyrA	AMR	core	POINT	QUINOLONE	QUINOLONE	POINTX	100.0	99.57
Pseudomonas aeruginosa		SAMN29441883	PDT001395349.2	JANKTZ010000083.1	gyrA	72276	75038	-	gyrA_D87N	Pseudomonas aeruginosa quinolone resistant GyrA	AMR	core	POINT	QUINOLONE	QUINOLONE	POINTX	100.0	99.57
Pseudomonas aeruginosa		SAMN29441884	PDT001395350.2	JANKTY010000070.1	gyrA	16711	19473	+	gyrA_T83I	Pseudomonas aeruginosa quinolone resistant GyrA	AMR	core	POINT	QUINOLONE	QUINOLONE	POINTX	100.0	99.57
Pseudomonas aeruginosa		SAMN29441882	PDT001395351.2	JANKUA010000077.1	gyrA	33277	36039	-	gyrA_D87N	Pseudomonas aeruginosa quinolone resistant GyrA	AMR	core	POINT	QUINOLONE	QUINOLONE	POINTX	100.0	99.57
Pseudomonas aeruginosa		SAMN29441881	PDT001395352.2	JANKUB010000139.1	gyrA	16711	19473	+	gyrA_D87N	Pseudomonas aeruginosa quinolone resistant GyrA	AMR	core	POINT	QUINOLONE	QUINOLONE	POINTX	100.0	99.57
Pseudomonas aeruginosa		SAMN29441880	PDT001395353.2	JANKUC010000088.1	gyrA	16711	19473	+	gyrA_T83I	Pseudomonas aeruginosa quinolone resistant GyrA	AMR	core	POINT	QUINOLONE	QUINOLONE	POINTX	100.0	99.57
Pseudomonas aeruginosa		SAMN29441879	PDT001395354.2	JANKUD010000091.1	gyrA	72276	75038	-	gyrA_T83I	Pseudomonas aeruginosa quinolone resistant GyrA	AMR	core	POINT	QUINOLONE	QUINOLONE	POINTX	100.0	99.57
Pseudomonas aeruginosa		SAMN29441877	PDT001395356.2	JANKUF010000130.1	gyrA	11939	14701	-	gyrA_D87N	Pseudomonas aeruginosa quinolone resistant GyrA	AMR	core	POINT	QUINOLONE	QUINOLONE	POINTX	100.0	99.57
Pseudomonas aeruginosa		SAMN29441875	PDT001395358.2	JANKUH010000146.1	gyrA	11935	14697	-	gyrA_D87N	Pseudomonas aeruginosa quinolone resistant GyrA	AMR	core	POINT	QUINOLONE	QUINOLONE	POINTX	100.0	99.57
Pseudomonas aeruginosa		SAMN29441874	PDT001395359.2	JANKUI010000145.1	gyrA	11938	14700	-	gyrA_D87N	Pseudomonas aeruginosa quinolone resistant GyrA	AMR	core	POINT	QUINOLONE	QUINOLONE	POINTX	100.0	99.57
Pseudomonas aeruginosa		SAMN29441873	PDT001395360.2	JANKUJ010000136.1	gyrA	16711	19473	+	gyrA_D87N	Pseudomonas aeruginosa quinolone resistant GyrA	AMR	core	POINT	QUINOLONE	QUINOLONE	POINTX	100.0	99.57
Pseudomonas aeruginosa		SAMN29441870	PDT001395363.2	JANKUM010000143.1	gyrA	11938	14700	-	gyrA_D87N	Pseudomonas aeruginosa quinolone resistant GyrA	AMR	core	POINT	QUINOLONE	QUINOLONE	POINTX	100.0	99.57
Pseudomonas aeruginosa		SAMN29441865	PDT001395367.2	JANKUR010000150.1	gyrA	12594	15356	-	gyrA_D87N	Pseudomonas aeruginosa quinolone resistant GyrA	AMR	core	POINT	QUINOLONE	QUINOLONE	POINTX	100.0	99.57
Pseudomonas aeruginosa		SAMN29441864	PDT001395369.2	JANKUS010000141.1	gyrA	16711	19473	+	gyrA_T83I	Pseudomonas aeruginosa quinolone resistant GyrA	AMR	core	POINT	QUINOLONE	QUINOLONE	POINTX	100.0	99.57
Pseudomonas aeruginosa		SAMN29441862	PDT001395370.2	JANKUU010000139.1	gyrA	16711	19473	+	gyrA_D87N	Pseudomonas aeruginosa quinolone resistant GyrA	AMR	core	POINT	QUINOLONE	QUINOLONE	POINTX	100.0	99.57
Pseudomonas aeruginosa		SAMN29441863	PDT001395371.2	JANKUT010000145.1	gyrA	12594	15356	-	gyrA_D87N	Pseudomonas aeruginosa quinolone resistant GyrA	AMR	core	POINT	QUINOLONE	QUINOLONE	POINTX	100.0	99.57
Pseudomonas aeruginosa		SAMN29441860	PDT001395373.2	JANKUW010000128.1	gyrA	33199	35961	-	gyrA_D87N	Pseudomonas aeruginosa quinolone resistant GyrA	AMR	core	POINT	QUINOLONE	QUINOLONE	POINTX	100.0	99.57
Pseudomonas aeruginosa		SAMN29441859	PDT001395374.2	JANKUX010000022.1	gyrA	16861	19623	+	gyrA_T83I	Pseudomonas aeruginosa quinolone resistant GyrA	AMR	core	POINT	QUINOLONE	QUINOLONE	POINTX	100.0	99.57
Pseudomonas aeruginosa		SAMN29441855	PDT001395378.2	JANKVB010000126.1	gyrA	72285	75047	-	gyrA_D87N	Pseudomonas aeruginosa quinolone resistant GyrA	AMR	core	POINT	QUINOLONE	QUINOLONE	POINTX	100.0	99.57
Pseudomonas aeruginosa		SAMN29441843	PDT001395389.2	JANKVN010000107.1	gyrA	5300	8062	-	gyrA_T83I	Pseudomonas aeruginosa quinolone resistant GyrA	AMR	core	POINT	QUINOLONE	QUINOLONE	POINTX	100.0	99.57
Pseudomonas aeruginosa		SAMN29441840	PDT001395392.2	JANKVQ010000060.1	gyrA	72276	75038	-	gyrA_T83I	Pseudomonas aeruginosa quinolone resistant GyrA	AMR	core	POINT	QUINOLONE	QUINOLONE	POINTX	100.0	99.57
Pseudomonas aeruginosa		SAMN29441839	PDT001395393.2	JANKVR010000122.1	gyrA	9088	11850	-	gyrA_T83I	Pseudomonas aeruginosa quinolone resistant GyrA	AMR	core	POINT	QUINOLONE	QUINOLONE	POINTX	100.0	99.57
Pseudomonas aeruginosa		SAMN29441838	PDT001395395.2	JANKVS010000087.1	gyrA	16711	19473	+	gyrA_T83I	Pseudomonas aeruginosa quinolone resistant GyrA	AMR	core	POINT	QUINOLONE	QUINOLONE	POINTX	100.0	99.57
Pseudomonas aeruginosa		SAMN29441836	PDT001395398.2	JANKVU010000111.1	gyrA	29132	31894	-	gyrA_D87N	Pseudomonas aeruginosa quinolone resistant GyrA	AMR	core	POINT	QUINOLONE	QUINOLONE	POINTX	100.0	99.57
Pseudomonas aeruginosa		SAMN29441834	PDT001395399.2	JANKVW010000095.1	gyrA	16711	19473	+	gyrA_T83I	Pseudomonas aeruginosa quinolone resistant GyrA	AMR	core	POINT	QUINOLONE	QUINOLONE	POINTX	100.0	99.57
Pseudomonas aeruginosa		SAMN29441832	PDT001395400.2	JANKVY010000091.1	gyrA	33202	35964	-	gyrA_D87N	Pseudomonas aeruginosa quinolone resistant GyrA	AMR	core	POINT	QUINOLONE	QUINOLONE	POINTX	100.0	99.57
Pseudomonas aeruginosa		SAMN29441831	PDT001395402.2	JANKVZ010000091.1	gyrA	16711	19473	+	gyrA_T83I	Pseudomonas aeruginosa quinolone resistant GyrA	AMR	core	POINT	QUINOLONE	QUINOLONE	POINTX	100.0	99.57
Pseudomonas aeruginosa		SAMN29441830	PDT001395403.2	JANKWA010000081.1	gyrA	16711	19473	+	gyrA_T83I	Pseudomonas aeruginosa quinolone resistant GyrA	AMR	core	POINT	QUINOLONE	QUINOLONE	POINTX	100.0	99.57
Pseudomonas aeruginosa		SAMN29441829	PDT001395404.2	JANKWB010000098.1	gyrA	33280	36042	-	gyrA_D87N	Pseudomonas aeruginosa quinolone resistant GyrA	AMR	core	POINT	QUINOLONE	QUINOLONE	POINTX	100.0	99.57
Pseudomonas aeruginosa		SAMN29441826	PDT001395405.2	JANKWE010000100.1	gyrA	33202	35964	-	gyrA_D87N	Pseudomonas aeruginosa quinolone resistant GyrA	AMR	core	POINT	QUINOLONE	QUINOLONE	POINTX	100.0	99.57
Pseudomonas aeruginosa		SAMN29441827	PDT001395407.2	JANKWD010000089.1	gyrA	33202	35964	-	gyrA_D87N	Pseudomonas aeruginosa quinolone resistant GyrA	AMR	core	POINT	QUINOLONE	QUINOLONE	POINTX	100.0	99.57
Pseudomonas aeruginosa		SAMN29441825	PDT001395409.2	JANKWF010000085.1	gyrA	72276	75038	-	gyrA_D87N	Pseudomonas aeruginosa quinolone resistant GyrA	AMR	core	POINT	QUINOLONE	QUINOLONE	POINTX	100.0	99.57
Pseudomonas aeruginosa		SAMN29441822	PDT001395410.2	JANKWI010000068.1	gyrA	16711	19473	+	gyrA_D87N	Pseudomonas aeruginosa quinolone resistant GyrA	AMR	core	POINT	QUINOLONE	QUINOLONE	POINTX	100.0	99.57
Pseudomonas aeruginosa		SAMN29441821	PDT001395412.2	JANKWJ010000102.1	gyrA	16711	19473	+	gyrA_D87N	Pseudomonas aeruginosa quinolone resistant GyrA	AMR	core	POINT	QUINOLONE	QUINOLONE	POINTX	100.0	99.57
Pseudomonas aeruginosa		SAMN29441818	PDT001395415.2	JANKWM010000085.1	gyrA	33199	35961	-	gyrA_D87N	Pseudomonas aeruginosa quinolone resistant GyrA	AMR	core	POINT	QUINOLONE	QUINOLONE	POINTX	100.0	99.57
Pseudomonas aeruginosa		SAMN29441817	PDT001395416.2	JANKWN010000089.1	gyrA	16711	19473	+	gyrA_D87N	Pseudomonas aeruginosa quinolone resistant GyrA	AMR	core	POINT	QUINOLONE	QUINOLONE	POINTX	100.0	99.57
Pseudomonas aeruginosa		SAMN29441816	PDT001395418.2	JANKWO010000078.1	gyrA	33202	35964	-	gyrA_T83I	Pseudomonas aeruginosa quinolone resistant GyrA	AMR	core	POINT	QUINOLONE	QUINOLONE	POINTX	100.0	99.57
Pseudomonas aeruginosa		SAMN29441814	PDT001395419.2	JANKWQ010000076.1	gyrA	33202	35964	-	gyrA_D87N	Pseudomonas aeruginosa quinolone resistant GyrA	AMR	core	POINT	QUINOLONE	QUINOLONE	POINTX	100.0	99.57
Pseudomonas aeruginosa		SAMN29441813	PDT001395420.2	JANKWR010000113.1	gyrA	3801	6563	-	gyrA_D87N	Pseudomonas aeruginosa quinolone resistant GyrA	AMR	core	POINT	QUINOLONE	QUINOLONE	POINTX	100.0	99.57
Pseudomonas aeruginosa		SAMN29441811	PDT001395421.2	JANKWT010000096.1	gyrA	33202	35964	-	gyrA_D87N	Pseudomonas aeruginosa quinolone resistant GyrA	AMR	core	POINT	QUINOLONE	QUINOLONE	POINTX	100.0	99.46
Pseudomonas aeruginosa		SAMN29441810	PDT001395423.2	JANKWU010000091.1	gyrA	16711	19473	+	gyrA_D87N	Pseudomonas aeruginosa quinolone resistant GyrA	AMR	core	POINT	QUINOLONE	QUINOLONE	POINTX	100.0	99.57
Pseudomonas aeruginosa		SAMN29441809	PDT001395424.2	JANKWV010000117.1	gyrA	16711	19473	+	gyrA_D87N	Pseudomonas aeruginosa quinolone resistant GyrA	AMR	core	POINT	QUINOLONE	QUINOLONE	POINTX	100.0	99.57
Pseudomonas aeruginosa		SAMN29441805	PDT001395427.2	JANKWZ010000078.1	gyrA	16861	19623	+	gyrA_D87N	Pseudomonas aeruginosa quinolone resistant GyrA	AMR	core	POINT	QUINOLONE	QUINOLONE	POINTX	100.0	99.57
Pseudomonas aeruginosa		SAMN29441806	PDT001395428.2	JANKWY010000090.1	gyrA	50881	53643	-	gyrA_D87N	Pseudomonas aeruginosa quinolone resistant GyrA	AMR	core	POINT	QUINOLONE	QUINOLONE	POINTX	100.0	99.57
Pseudomonas aeruginosa		SAMN29441804	PDT001395429.2	JANKXA010000100.1	gyrA	115165	117927	-	gyrA_T83I	Pseudomonas aeruginosa quinolone resistant GyrA	AMR	core	POINT	QUINOLONE	QUINOLONE	POINTX	100.0	99.57
Pseudomonas aeruginosa		SAMN29441800	PDT001395431.2	JANKXE010000096.1	gyrA	2830	5592	-	gyrA_D87N	Pseudomonas aeruginosa quinolone resistant GyrA	AMR	core	POINT	QUINOLONE	QUINOLONE	POINTX	100.0	99.57
Pseudomonas aeruginosa		SAMN29441803	PDT001395432.2	JANKXB010000094.1	gyrA	16711	19473	+	gyrA_T83I	Pseudomonas aeruginosa quinolone resistant GyrA	AMR	core	POINT	QUINOLONE	QUINOLONE	POINTX	100.0	99.57
Pseudomonas aeruginosa		SAMN29441801	PDT001395433.2	JANKXD010000095.1	gyrA	72569	75331	-	gyrA_D87N	Pseudomonas aeruginosa quinolone resistant GyrA	AMR	core	POINT	QUINOLONE	QUINOLONE	POINTX	100.0	99.57
Pseudomonas aeruginosa		SAMN29441799	PDT001395434.2	JANKXF010000096.1	gyrA	72570	75332	-	gyrA_D87N	Pseudomonas aeruginosa quinolone resistant GyrA	AMR	core	POINT	QUINOLONE	QUINOLONE	POINTX	100.0	99.57
Pseudomonas aeruginosa		SAMN29441797	PDT001395437.2	JANKXH010000070.1	gyrA	16711	19473	+	gyrA_D87N	Pseudomonas aeruginosa quinolone resistant GyrA	AMR	core	POINT	QUINOLONE	QUINOLONE	POINTX	100.0	99.57
Pseudomonas aeruginosa		SAMN29441792	PDT001395441.2	JANKXM010000102.1	gyrA	72278	75040	-	gyrA_T83I	Pseudomonas aeruginosa quinolone resistant GyrA	AMR	core	POINT	QUINOLONE	QUINOLONE	POINTX	100.0	99.57
Pseudomonas aeruginosa		SAMN29441791	PDT001395442.2	JANKXN010000102.1	gyrA	16711	19473	+	gyrA_T83I	Pseudomonas aeruginosa quinolone resistant GyrA	AMR	core	POINT	QUINOLONE	QUINOLONE	POINTX	100.0	99.57
Pseudomonas aeruginosa		SAMN29441786	PDT001395446.2	JANKXS010000099.1	gyrA	16711	19473	+	gyrA_D87N	Pseudomonas aeruginosa quinolone resistant GyrA	AMR	core	POINT	QUINOLONE	QUINOLONE	POINTX	100.0	99.57
Pseudomonas aeruginosa		SAMN29441784	PDT001395449.2	JANKXU010000068.1	gyrA	33277	36039	-	gyrA_D87N	Pseudomonas aeruginosa quinolone resistant GyrA	AMR	core	POINT	QUINOLONE	QUINOLONE	POINTX	100.0	99.57
Pseudomonas aeruginosa		SAMN29441781	PDT001395450.2	JANKXX010000083.1	gyrA	16711	19473	+	gyrA_D87N	Pseudomonas aeruginosa quinolone resistant GyrA	AMR	core	POINT	QUINOLONE	QUINOLONE	POINTX	100.0	99.57
Pseudomonas aeruginosa		SAMN29441780	PDT001395453.2	JANKXY010000098.1	gyrA	72278	75040	-	gyrA_D87N	Pseudomonas aeruginosa quinolone resistant GyrA	AMR	core	POINT	QUINOLONE	QUINOLONE	POINTX	100.0	99.57
Pseudomonas aeruginosa		SAMN29441777	PDT001395455.2	JANKYB010000105.1	gyrA	16711	19473	+	gyrA_D87N	Pseudomonas aeruginosa quinolone resistant GyrA	AMR	core	POINT	QUINOLONE	QUINOLONE	POINTX	100.0	99.57
Pseudomonas aeruginosa		SAMN29441778	PDT001395456.2	JANKYA010000090.1	gyrA	16711	19473	+	gyrA_D87N	Pseudomonas aeruginosa quinolone resistant GyrA	AMR	core	POINT	QUINOLONE	QUINOLONE	POINTX	100.0	99.57
Pseudomonas aeruginosa		SAMN33819272	PDT002146209.1	JARLPC010000019.1	gyrA	24751	27513	-	gyrA_T83I	Pseudomonas aeruginosa quinolone resistant GyrA	AMR	core	POINT	QUINOLONE	QUINOLONE	POINTX	100.0	99.67
Pseudomonas aeruginosa		SAMN33819246	PDT002146234.1	JARLQC010000054.1	gyrA	16771	19533	+	gyrA_T83I	Pseudomonas aeruginosa quinolone resistant GyrA	AMR	core	POINT	QUINOLONE	QUINOLONE	POINTX	100.0	99.67
Pseudomonas aeruginosa	HHZ8022125.1	SAMN48878372	PDT002991855.1	DBKRYX010000017.1	gyrA	137164	139929	-	gyrA_T83I	Pseudomonas aeruginosa quinolone resistant GyrA	AMR	core	POINT	QUINOLONE	QUINOLONE	POINTP	100.0	99.67
Pseudomonas aeruginosa	WP_019484695.1	SAMN60257162	PDT003226850.1	NZ_JBYMUS010000048.1	gyrA	44308	47073	+	gyrA_T83I	Pseudomonas aeruginosa quinolone resistant GyrA	AMR	core	POINT	QUINOLONE	QUINOLONE	POINTP	100.0	99.67
Pseudomonas aeruginosa	WP_034065700.1	SAMN60257151	PDT003226858.1	NZ_JBYMUH010000053.1	parC	11182	13446	+	parC_S87L	Pseudomonas aeruginosa quinolone resistant ParC	AMR	core	POINT	QUINOLONE	QUINOLONE	POINTP	100.0	99.73
Pseudomonas aeruginosa	WP_014603516.1	SAMN60257158	PDT003226864.1	NZ_JBYMUO010000051.1	parC	34415	36679	-	parC_S87L	Pseudomonas aeruginosa quinolone resistant ParC	AMR	core	POINT	QUINOLONE	QUINOLONE	POINTP	100.0	99.87
Pseudomonas aeruginosa	WP_003161278.1	SAMN04014946	PDT000167136.1	NZ_MPBO01000004.1	parC	1579483	1581747	-	parC_S87W	Pseudomonas aeruginosa quinolone resistant ParC	AMR	core	POINT	QUINOLONE	QUINOLONE	POINTP	100.0	99.87
Pseudomonas aeruginosa	WP_012613862.1	SAMN04014905	PDT000167138.1	NZ_MPBU01000007.1	gyrA	977888	980659	-	gyrA_T83I	Pseudomonas aeruginosa quinolone resistant GyrA	AMR	core	POINT	QUINOLONE	QUINOLONE	POINTP	100.0	99.89
Pseudomonas aeruginosa	WP_033943867.1	SAMN09788408	PDT000425034.1	NZ_RXWO01000101.1	gyrA	7238	10003	-	gyrA_D87N	Pseudomonas aeruginosa quinolone resistant GyrA	AMR	core	POINT	QUINOLONE	QUINOLONE	POINTP	100.0	99.57
Pseudomonas aeruginosa		SAMN29442027	PDT001395151.2	JANKOL010000107.1	gyrA	12592	15354	-	gyrA_T83I	Pseudomonas aeruginosa quinolone resistant GyrA	AMR	core	POINT	QUINOLONE	QUINOLONE	POINTX	100.0	99.57
Pseudomonas aeruginosa		SAMN29442026	PDT001395152.2	JANKOM010000101.1	gyrA	16711	19473	+	gyrA_T83I	Pseudomonas aeruginosa quinolone resistant GyrA	AMR	core	POINT	QUINOLONE	QUINOLONE	POINTX	100.0	99.57
Pseudomonas aeruginosa		SAMN29442025	PDT001395153.2	JANKON010000052.1	gyrA	16711	19473	+	gyrA_T83I	Pseudomonas aeruginosa quinolone resistant GyrA	AMR	core	POINT	QUINOLONE	QUINOLONE	POINTX	100.0	99.57
Pseudomonas aeruginosa		SAMN29442024	PDT001395154.2	JANKOO010000071.1	gyrA	16711	19473	+	gyrA_D87N	Pseudomonas aeruginosa quinolone resistant GyrA	AMR	core	POINT	QUINOLONE	QUINOLONE	POINTX	100.0	99.57
Pseudomonas aeruginosa		SAMN29442008	PDT001395169.2	JANKPE010000132.1	gyrA	12688	15450	-	gyrA_D87N	Pseudomonas aeruginosa quinolone resistant GyrA	AMR	core	POINT	QUINOLONE	QUINOLONE	POINTX	100.0	99.57
Pseudomonas aeruginosa		SAMN29442006	PDT001395170.2	JANKPG010000099.1	gyrA	12688	15450	-	gyrA_D87N	Pseudomonas aeruginosa quinolone resistant GyrA	AMR	core	POINT	QUINOLONE	QUINOLONE	POINTX	100.0	99.57
Pseudomonas aeruginosa		SAMN29442003	PDT001395175.2	JANKPJ010000030.1	gyrA	16861	19623	+	gyrA_T83I	Pseudomonas aeruginosa quinolone resistant GyrA	AMR	core	POINT	QUINOLONE	QUINOLONE	POINTX	100.0	99.57
Pseudomonas aeruginosa		SAMN29441991	PDT001395187.2	JANKPV010000086.1	gyrA	16711	19473	+	gyrA_T83I	Pseudomonas aeruginosa quinolone resistant GyrA	AMR	core	POINT	QUINOLONE	QUINOLONE	POINTX	100.0	99.57
Pseudomonas aeruginosa		SAMN29441981	PDT001395197.2	JANKQF010000111.1	gyrA	29170	31932	-	gyrA_T83I	Pseudomonas aeruginosa quinolone resistant GyrA	AMR	core	POINT	QUINOLONE	QUINOLONE	POINTX	100.0	99.57
Pseudomonas aeruginosa		SAMN29441978	PDT001395198.2	JANKQI010000155.1	gyrA	11938	14700	-	gyrA_T83I	Pseudomonas aeruginosa quinolone resistant GyrA	AMR	core	POINT	QUINOLONE	QUINOLONE	POINTX	100.0	99.57
Pseudomonas aeruginosa		SAMN29441979	PDT001395199.2	JANKQH010000115.1	gyrA	14255	17017	-	gyrA_D87N	Pseudomonas aeruginosa quinolone resistant GyrA	AMR	core	POINT	QUINOLONE	QUINOLONE	POINTX	100.0	99.57
Pseudomonas aeruginosa		SAMN29441977	PDT001395201.2	JANKQJ010000156.1	gyrA	16711	19473	+	gyrA_T83I	Pseudomonas aeruginosa quinolone resistant GyrA	AMR	core	POINT	QUINOLONE	QUINOLONE	POINTX	100.0	99.57
Pseudomonas aeruginosa		SAMN29441973	PDT001395205.2	JANKQN010000115.1	gyrA	16711	19473	+	gyrA_T83I	Pseudomonas aeruginosa quinolone resistant GyrA	AMR	core	POINT	QUINOLONE	QUINOLONE	POINTX	100.0	99.57
Pseudomonas aeruginosa		SAMN29441972	PDT001395206.2	JANKQO010000135.1	gyrA	11935	14697	-	gyrA_T83I	Pseudomonas aeruginosa quinolone resistant GyrA	AMR	core	POINT	QUINOLONE	QUINOLONE	POINTX	100.0	99.57
Pseudomonas aeruginosa		SAMN29441971	PDT001395211.2	JANKQP010000080.1	gyrA	16711	19473	+	gyrA_T83I	Pseudomonas aeruginosa quinolone resistant GyrA	AMR	core	POINT	QUINOLONE	QUINOLONE	POINTX	100.0	99.57
Pseudomonas aeruginosa		SAMN29441965	PDT001395212.2	JANKQV010000127.1	gyrA	11939	14701	-	gyrA_T83I	Pseudomonas aeruginosa quinolone resistant GyrA	AMR	core	POINT	QUINOLONE	QUINOLONE	POINTX	100.0	99.57
Pseudomonas aeruginosa		SAMN29441944	PDT001395237.2	JANKRQ010000105.1	gyrA	33279	36041	-	gyrA_T83I	Pseudomonas aeruginosa quinolone resistant GyrA	AMR	core	POINT	QUINOLONE	QUINOLONE	POINTX	100.0	99.57
Pseudomonas aeruginosa		SAMN29441938	PDT001395238.2	JANKRW010000050.1	gyrA	16711	19473	+	gyrA_T83I	Pseudomonas aeruginosa quinolone resistant GyrA	AMR	core	POINT	QUINOLONE	QUINOLONE	POINTX	100.0	99.57
Pseudomonas aeruginosa		SAMN29441939	PDT001395240.2	JANKRV010000093.1	gyrA	33202	35964	-	gyrA_D87N	Pseudomonas aeruginosa quinolone resistant GyrA	AMR	core	POINT	QUINOLONE	QUINOLONE	POINTX	100.0	99.57
Pseudomonas aeruginosa		SAMN29441934	PDT001395242.2	JANKSA010000113.1	gyrA	16711	19473	+	gyrA_T83I	Pseudomonas aeruginosa quinolone resistant GyrA	AMR	core	POINT	QUINOLONE	QUINOLONE	POINTX	100.0	99.57
Pseudomonas aeruginosa		SAMN29441929	PDT001395247.2	JANKSF010000112.1	gyrA	16711	19473	+	gyrA_D87N	Pseudomonas aeruginosa quinolone resistant GyrA	AMR	core	POINT	QUINOLONE	QUINOLONE	POINTX	100.0	99.57
Pseudomonas aeruginosa		SAMN29441927	PDT001395250.2	JANKSH010000110.1	gyrA	16711	19473	+	gyrA_D87N	Pseudomonas aeruginosa quinolone resistant GyrA	AMR	core	POINT	QUINOLONE	QUINOLONE	POINTX	100.0	99.57
Pseudomonas aeruginosa		SAMN29441926	PDT001395251.2	JANKSI010000113.1	gyrA	16711	19473	+	gyrA_T83I	Pseudomonas aeruginosa quinolone resistant GyrA	AMR	core	POINT	QUINOLONE	QUINOLONE	POINTX	100.0	99.57
Pseudomonas aeruginosa		SAMN29441928	PDT001395252.2	JANKSG010000117.1	gyrA	33277	36039	-	gyrA_D87N	Pseudomonas aeruginosa quinolone resistant GyrA	AMR	core	POINT	QUINOLONE	QUINOLONE	POINTX	100.0	99.57
Pseudomonas aeruginosa		SAMN29441922	PDT001395259.2	JANKSM010000119.1	gyrA	16711	19473	+	gyrA_T83I	Pseudomonas aeruginosa quinolone resistant GyrA	AMR	core	POINT	QUINOLONE	QUINOLONE	POINTX	100.0	99.57
Pseudomonas aeruginosa		SAMN29441893	PDT001395281.2	JANKTP010000084.1	gyrA	7241	10003	-	gyrA_T83I	Pseudomonas aeruginosa quinolone resistant GyrA	AMR	core	POINT	QUINOLONE	QUINOLONE	POINTX	100.0	99.57
Pseudomonas aeruginosa		SAMN29441883	PDT001395349.2	JANKTZ010000083.1	gyrA	72276	75038	-	gyrA_T83I	Pseudomonas aeruginosa quinolone resistant GyrA	AMR	core	POINT	QUINOLONE	QUINOLONE	POINTX	100.0	99.57
Pseudomonas aeruginosa		SAMN29441882	PDT001395351.2	JANKUA010000077.1	gyrA	33277	36039	-	gyrA_T83I	Pseudomonas aeruginosa quinolone resistant GyrA	AMR	core	POINT	QUINOLONE	QUINOLONE	POINTX	100.0	99.57
Pseudomonas aeruginosa		SAMN29441881	PDT001395352.2	JANKUB010000139.1	gyrA	16711	19473	+	gyrA_T83I	Pseudomonas aeruginosa quinolone resistant GyrA	AMR	core	POINT	QUINOLONE	QUINOLONE	POINTX	100.0	99.57
Pseudomonas aeruginosa		SAMN29441877	PDT001395356.2	JANKUF010000130.1	gyrA	11939	14701	-	gyrA_T83I	Pseudomonas aeruginosa quinolone resistant GyrA	AMR	core	POINT	QUINOLONE	QUINOLONE	POINTX	100.0	99.57
Pseudomonas aeruginosa		SAMN29441875	PDT001395358.2	JANKUH010000146.1	gyrA	11935	14697	-	gyrA_T83I	Pseudomonas aeruginosa quinolone resistant GyrA	AMR	core	POINT	QUINOLONE	QUINOLONE	POINTX	100.0	99.57
Pseudomonas aeruginosa		SAMN29441874	PDT001395359.2	JANKUI010000145.1	gyrA	11938	14700	-	gyrA_T83I	Pseudomonas aeruginosa quinolone resistant GyrA	AMR	core	POINT	QUINOLONE	QUINOLONE	POINTX	100.0	99.57
Pseudomonas aeruginosa		SAMN29441873	PDT001395360.2	JANKUJ010000136.1	gyrA	16711	19473	+	gyrA_T83I	Pseudomonas aeruginosa quinolone resistant GyrA	AMR	core	POINT	QUINOLONE	QUINOLONE	POINTX	100.0	99.57
Pseudomonas aeruginosa		SAMN29441870	PDT001395363.2	JANKUM010000143.1	gyrA	11938	14700	-	gyrA_T83I	Pseudomonas aeruginosa quinolone resistant GyrA	AMR	core	POINT	QUINOLONE	QUINOLONE	POINTX	100.0	99.57
Pseudomonas aeruginosa		SAMN29441865	PDT001395367.2	JANKUR010000150.1	gyrA	12594	15356	-	gyrA_T83I	Pseudomonas aeruginosa quinolone resistant GyrA	AMR	core	POINT	QUINOLONE	QUINOLONE	POINTX	100.0	99.57
Pseudomonas aeruginosa		SAMN29441862	PDT001395370.2	JANKUU010000139.1	gyrA	16711	19473	+	gyrA_T83I	Pseudomonas aeruginosa quinolone resistant GyrA	AMR	core	POINT	QUINOLONE	QUINOLONE	POINTX	100.0	99.57
Pseudomonas aeruginosa		SAMN29441863	PDT001395371.2	JANKUT010000145.1	gyrA	12594	15356	-	gyrA_T83I	Pseudomonas aeruginosa quinolone resistant GyrA	AMR	core	POINT	QUINOLONE	QUINOLONE	POINTX	100.0	99.57
Pseudomonas aeruginosa		SAMN29441860	PDT001395373.2	JANKUW010000128.1	gyrA	33199	35961	-	gyrA_T83I	Pseudomonas aeruginosa quinolone resistant GyrA	AMR	core	POINT	QUINOLONE	QUINOLONE	POINTX	100.0	99.57
Pseudomonas aeruginosa		SAMN29441856	PDT001395375.2	JANKVA010000120.1	gyrA	16711	19473	+	gyrA_D87N	Pseudomonas aeruginosa quinolone resistant GyrA	AMR	core	POINT	QUINOLONE	QUINOLONE	POINTX	100.0	99.57
Pseudomonas aeruginosa		SAMN29441855	PDT001395378.2	JANKVB010000126.1	gyrA	72285	75047	-	gyrA_T83I	Pseudomonas aeruginosa quinolone resistant GyrA	AMR	core	POINT	QUINOLONE	QUINOLONE	POINTX	100.0	99.57
Pseudomonas aeruginosa		SAMN29441854	PDT001395380.2	JANKVC010000132.1	gyrA	26344	29106	-	gyrA_D87N	Pseudomonas aeruginosa quinolone resistant GyrA	AMR	core	POINT	QUINOLONE	QUINOLONE	POINTX	100.0	99.57
Pseudomonas aeruginosa		SAMN29441849	PDT001395384.2	JANKVH010000166.1	gyrA	11903	14665	-	gyrA_D87N	Pseudomonas aeruginosa quinolone resistant GyrA	AMR	core	POINT	QUINOLONE	QUINOLONE	POINTX	100.0	99.57
Pseudomonas aeruginosa		SAMN29441836	PDT001395398.2	JANKVU010000111.1	gyrA	29132	31894	-	gyrA_T83I	Pseudomonas aeruginosa quinolone resistant GyrA	AMR	core	POINT	QUINOLONE	QUINOLONE	POINTX	100.0	99.57
Pseudomonas aeruginosa		SAMN29441832	PDT001395400.2	JANKVY010000091.1	gyrA	33202	35964	-	gyrA_T83I	Pseudomonas aeruginosa quinolone resistant GyrA	AMR	core	POINT	QUINOLONE	QUINOLONE	POINTX	100.0	99.57
Pseudomonas aeruginosa		SAMN29441829	PDT001395404.2	JANKWB010000098.1	gyrA	33280	36042	-	gyrA_T83I	Pseudomonas aeruginosa quinolone resistant GyrA	AMR	core	POINT	QUINOLONE	QUINOLONE	POINTX	100.0	99.57
Pseudomonas aeruginosa		SAMN29441826	PDT001395405.2	JANKWE010000100.1	gyrA	33202	35964	-	gyrA_T83I	Pseudomonas aeruginosa quinolone resistant GyrA	AMR	core	POINT	QUINOLONE	QUINOLONE	POINTX	100.0	99.57
Pseudomonas aeruginosa		SAMN29441827	PDT001395407.2	JANKWD010000089.1	gyrA	33202	35964	-	gyrA_T83I	Pseudomonas aeruginosa quinolone resistant GyrA	AMR	core	POINT	QUINOLONE	QUINOLONE	POINTX	100.0	99.57
Pseudomonas aeruginosa		SAMN29441824	PDT001395408.2	JANKWG010000074.1	gyrA	33202	35964	-	gyrA_D87N	Pseudomonas aeruginosa quinolone resistant GyrA	AMR	core	POINT	QUINOLONE	QUINOLONE	POINTX	100.0	99.57
Pseudomonas aeruginosa		SAMN29441825	PDT001395409.2	JANKWF010000085.1	gyrA	72276	75038	-	gyrA_T83I	Pseudomonas aeruginosa quinolone resistant GyrA	AMR	core	POINT	QUINOLONE	QUINOLONE	POINTX	100.0	99.57
Pseudomonas aeruginosa		SAMN29441822	PDT001395410.2	JANKWI010000068.1	gyrA	16711	19473	+	gyrA_T83I	Pseudomonas aeruginosa quinolone resistant GyrA	AMR	core	POINT	QUINOLONE	QUINOLONE	POINTX	100.0	99.57
Pseudomonas aeruginosa		SAMN29441823	PDT001395411.2	JANKWH010000088.1	gyrA	13178	15940	+	gyrA_D87N	Pseudomonas aeruginosa quinolone resistant GyrA	AMR	core	POINT	QUINOLONE	QUINOLONE	POINTX	100.0	99.57
Pseudomonas aeruginosa		SAMN29441821	PDT001395412.2	JANKWJ010000102.1	gyrA	16711	19473	+	gyrA_T83I	Pseudomonas aeruginosa quinolone resistant GyrA	AMR	core	POINT	QUINOLONE	QUINOLONE	POINTX	100.0	99.57
Pseudomonas aeruginosa		SAMN29441819	PDT001395414.2	JANKWL010000077.1	gyrA	16711	19473	+	gyrA_D87N	Pseudomonas aeruginosa quinolone resistant GyrA	AMR	core	POINT	QUINOLONE	QUINOLONE	POINTX	100.0	99.46
Pseudomonas aeruginosa		SAMN29441818	PDT001395415.2	JANKWM010000085.1	gyrA	33199	35961	-	gyrA_T83I	Pseudomonas aeruginosa quinolone resistant GyrA	AMR	core	POINT	QUINOLONE	QUINOLONE	POINTX	100.0	99.57
Pseudomonas aeruginosa		SAMN29441817	PDT001395416.2	JANKWN010000089.1	gyrA	16711	19473	+	gyrA_T83I	Pseudomonas aeruginosa quinolone resistant GyrA	AMR	core	POINT	QUINOLONE	QUINOLONE	POINTX	100.0	99.57
Pseudomonas aeruginosa		SAMN29441814	PDT001395419.2	JANKWQ010000076.1	gyrA	33202	35964	-	gyrA_T83I	Pseudomonas aeruginosa quinolone resistant GyrA	AMR	core	POINT	QUINOLONE	QUINOLONE	POINTX	100.0	99.57
Pseudomonas aeruginosa		SAMN29441813	PDT001395420.2	JANKWR010000113.1	gyrA	3801	6563	-	gyrA_T83I	Pseudomonas aeruginosa quinolone resistant GyrA	AMR	core	POINT	QUINOLONE	QUINOLONE	POINTX	100.0	99.57
Pseudomonas aeruginosa		SAMN29441811	PDT001395421.2	JANKWT010000096.1	gyrA	33202	35964	-	gyrA_T83I	Pseudomonas aeruginosa quinolone resistant GyrA	AMR	core	POINT	QUINOLONE	QUINOLONE	POINTX	100.0	99.46
Pseudomonas aeruginosa		SAMN29441812	PDT001395422.2	JANKWS010000103.1	gyrA	16713	19475	+	gyrA_D87N	Pseudomonas aeruginosa quinolone resistant GyrA	AMR	core	POINT	QUINOLONE	QUINOLONE	POINTX	100.0	99.57
Pseudomonas aeruginosa		SAMN29441810	PDT001395423.2	JANKWU010000091.1	gyrA	16711	19473	+	gyrA_T83I	Pseudomonas aeruginosa quinolone resistant GyrA	AMR	core	POINT	QUINOLONE	QUINOLONE	POINTX	100.0	99.57
Pseudomonas aeruginosa		SAMN29441809	PDT001395424.2	JANKWV010000117.1	gyrA	16711	19473	+	gyrA_T83I	Pseudomonas aeruginosa quinolone resistant GyrA	AMR	core	POINT	QUINOLONE	QUINOLONE	POINTX	100.0	99.57
Pseudomonas aeruginosa		SAMN29441808	PDT001395426.2	JANKWW010000091.1	gyrA	16711	19473	+	gyrA_D87N	Pseudomonas aeruginosa quinolone resistant GyrA	AMR	core	POINT	QUINOLONE	QUINOLONE	POINTX	100.0	99.57
Pseudomonas aeruginosa		SAMN29441805	PDT001395427.2	JANKWZ010000078.1	gyrA	16861	19623	+	gyrA_T83I	Pseudomonas aeruginosa quinolone resistant GyrA	AMR	core	POINT	QUINOLONE	QUINOLONE	POINTX	100.0	99.57
Pseudomonas aeruginosa		SAMN29441806	PDT001395428.2	JANKWY010000090.1	gyrA	50881	53643	-	gyrA_T83I	Pseudomonas aeruginosa quinolone resistant GyrA	AMR	core	POINT	QUINOLONE	QUINOLONE	POINTX	100.0	99.57
Pseudomonas aeruginosa		SAMN29441800	PDT001395431.2	JANKXE010000096.1	gyrA	2830	5592	-	gyrA_T83I	Pseudomonas aeruginosa quinolone resistant GyrA	AMR	core	POINT	QUINOLONE	QUINOLONE	POINTX	100.0	99.57
Pseudomonas aeruginosa		SAMN29441801	PDT001395433.2	JANKXD010000095.1	gyrA	72569	75331	-	gyrA_T83I	Pseudomonas aeruginosa quinolone resistant GyrA	AMR	core	POINT	QUINOLONE	QUINOLONE	POINTX	100.0	99.57
Pseudomonas aeruginosa		SAMN29441799	PDT001395434.2	JANKXF010000096.1	gyrA	72570	75332	-	gyrA_T83I	Pseudomonas aeruginosa quinolone resistant GyrA	AMR	core	POINT	QUINOLONE	QUINOLONE	POINTX	100.0	99.57
Pseudomonas aeruginosa		SAMN29441798	PDT001395435.2	JANKXG010000078.1	gyrA	16711	19473	+	gyrA_D87N	Pseudomonas aeruginosa quinolone resistant GyrA	AMR	core	POINT	QUINOLONE	QUINOLONE	POINTX	100.0	99.57
Pseudomonas aeruginosa		SAMN29441797	PDT001395437.2	JANKXH010000070.1	gyrA	16711	19473	+	gyrA_T83I	Pseudomonas aeruginosa quinolone resistant GyrA	AMR	core	POINT	QUINOLONE	QUINOLONE	POINTX	100.0	99.57
Pseudomonas aeruginosa		SAMN29441786	PDT001395446.2	JANKXS010000099.1	gyrA	16711	19473	+	gyrA_T83I	Pseudomonas aeruginosa quinolone resistant GyrA	AMR	core	POINT	QUINOLONE	QUINOLONE	POINTX	100.0	99.57
Pseudomonas aeruginosa		SAMN29441784	PDT001395449.2	JANKXU010000068.1	gyrA	33277	36039	-	gyrA_T83I	Pseudomonas aeruginosa quinolone resistant GyrA	AMR	core	POINT	QUINOLONE	QUINOLONE	POINTX	100.0	99.57
Pseudomonas aeruginosa		SAMN29441781	PDT001395450.2	JANKXX010000083.1	gyrA	16711	19473	+	gyrA_T83I	Pseudomonas aeruginosa quinolone resistant GyrA	AMR	core	POINT	QUINOLONE	QUINOLONE	POINTX	100.0	99.57
Pseudomonas aeruginosa		SAMN29441782	PDT001395451.2	JANKXW010000135.1	gyrA	16711	19473	+	gyrA_D87N	Pseudomonas aeruginosa quinolone resistant GyrA	AMR	core	POINT	QUINOLONE	QUINOLONE	POINTX	100.0	99.57
Pseudomonas aeruginosa		SAMN29441780	PDT001395453.2	JANKXY010000098.1	gyrA	72278	75040	-	gyrA_T83I	Pseudomonas aeruginosa quinolone resistant GyrA	AMR	core	POINT	QUINOLONE	QUINOLONE	POINTX	100.0	99.57
Pseudomonas aeruginosa		SAMN29441777	PDT001395455.2	JANKYB010000105.1	gyrA	16711	19473	+	gyrA_T83I	Pseudomonas aeruginosa quinolone resistant GyrA	AMR	core	POINT	QUINOLONE	QUINOLONE	POINTX	100.0	99.57
Pseudomonas aeruginosa		SAMN29441778	PDT001395456.2	JANKYA010000090.1	gyrA	16711	19473	+	gyrA_T83I	Pseudomonas aeruginosa quinolone resistant GyrA	AMR	core	POINT	QUINOLONE	QUINOLONE	POINTX	100.0	99.57
Pseudomonas aeruginosa		SAMN36726658	PDT001830568.2	ABNHSQ020000071.1	mexZ	1406	2022	-	mexZ_W167AfsTer67	Pseudomonas aeruginosa aminoglycoside/cefepime/fluoroquinolone resistant MexZ	AMR	core	POINT_DISRUPT	AMINOGLYCOSIDE/BETA-LACTAM/QUINOLONE	AMINOGLYCOSIDE/CEFEPIME/FLUOROQUINOLONE	POINTX	100.0	99.51
Pseudomonas aeruginosa	WP_019484695.1	SAMN60257148	PDT003226849.1	NZ_JBYMUF010000058.1	gyrA	9618	12383	-	gyrA_T83I	Pseudomonas aeruginosa quinolone resistant GyrA	AMR	core	POINT	QUINOLONE	QUINOLONE	POINTP	100.0	99.67
Pseudomonas aeruginosa	WP_014603516.1	SAMN04014933	PDT000167133.1	NZ_MPBS01000001.1	parC	3364969	3367233	-	parC_S87L	Pseudomonas aeruginosa quinolone resistant ParC	AMR	core	POINT	QUINOLONE	QUINOLONE	POINTP	100.0	99.87
Pseudomonas aeruginosa		SAMN06129825	PDT000172050.3	ABEVIL010000183.1	mexZ	1862	2490	-	mexZ_L199CfsTer39	Pseudomonas aeruginosa aminoglycoside/cefepime/fluoroquinolone resistant MexZ	AMR	core	POINT_DISRUPT	AMINOGLYCOSIDE/BETA-LACTAM/QUINOLONE	AMINOGLYCOSIDE/CEFEPIME/FLUOROQUINOLONE	POINTX	100.0	100.0
Pseudomonas aeruginosa	WP_012579084.1	SAMN09788370	PDT000424988.1	NZ_RXVB01000055.1	qnrA1	167	823	+	qnrA1	quinolone resistance pentapeptide repeat protein QnrA1	AMR	core	AMR	QUINOLONE	QUINOLONE	ALLELEP	100.0	100.0
Pseudomonas aeruginosa	WP_033943867.1	SAMN09788408	PDT000425034.1	NZ_RXWO01000101.1	gyrA	7238	10003	-	gyrA_T83I	Pseudomonas aeruginosa quinolone resistant GyrA	AMR	core	POINT	QUINOLONE	QUINOLONE	POINTP	100.0	99.57
Pseudomonas aeruginosa		SAMN29442024	PDT001395154.2	JANKOO010000071.1	gyrA	16711	19473	+	gyrA_T83I	Pseudomonas aeruginosa quinolone resistant GyrA	AMR	core	POINT	QUINOLONE	QUINOLONE	POINTX	100.0	99.57
Pseudomonas aeruginosa		SAMN29442008	PDT001395169.2	JANKPE010000132.1	gyrA	12688	15450	-	gyrA_T83I	Pseudomonas aeruginosa quinolone resistant GyrA	AMR	core	POINT	QUINOLONE	QUINOLONE	POINTX	100.0	99.57
Pseudomonas aeruginosa		SAMN29442006	PDT001395170.2	JANKPG010000099.1	gyrA	12688	15450	-	gyrA_T83I	Pseudomonas aeruginosa quinolone resistant GyrA	AMR	core	POINT	QUINOLONE	QUINOLONE	POINTX	100.0	99.57
Pseudomonas aeruginosa		SAMN29441979	PDT001395199.2	JANKQH010000115.1	gyrA	14255	17017	-	gyrA_T83I	Pseudomonas aeruginosa quinolone resistant GyrA	AMR	core	POINT	QUINOLONE	QUINOLONE	POINTX	100.0	99.57
Pseudomonas aeruginosa		SAMN29441939	PDT001395240.2	JANKRV010000093.1	gyrA	33202	35964	-	gyrA_T83I	Pseudomonas aeruginosa quinolone resistant GyrA	AMR	core	POINT	QUINOLONE	QUINOLONE	POINTX	100.0	99.57
Pseudomonas aeruginosa		SAMN29441929	PDT001395247.2	JANKSF010000112.1	gyrA	16711	19473	+	gyrA_T83I	Pseudomonas aeruginosa quinolone resistant GyrA	AMR	core	POINT	QUINOLONE	QUINOLONE	POINTX	100.0	99.57
Pseudomonas aeruginosa		SAMN29441927	PDT001395250.2	JANKSH010000110.1	gyrA	16711	19473	+	gyrA_T83I	Pseudomonas aeruginosa quinolone resistant GyrA	AMR	core	POINT	QUINOLONE	QUINOLONE	POINTX	100.0	99.57
Pseudomonas aeruginosa		SAMN29441928	PDT001395252.2	JANKSG010000117.1	gyrA	33277	36039	-	gyrA_T83I	Pseudomonas aeruginosa quinolone resistant GyrA	AMR	core	POINT	QUINOLONE	QUINOLONE	POINTX	100.0	99.57
Pseudomonas aeruginosa		SAMN29441856	PDT001395375.2	JANKVA010000120.1	gyrA	16711	19473	+	gyrA_T83I	Pseudomonas aeruginosa quinolone resistant GyrA	AMR	core	POINT	QUINOLONE	QUINOLONE	POINTX	100.0	99.57
Pseudomonas aeruginosa		SAMN29441854	PDT001395380.2	JANKVC010000132.1	gyrA	26344	29106	-	gyrA_T83I	Pseudomonas aeruginosa quinolone resistant GyrA	AMR	core	POINT	QUINOLONE	QUINOLONE	POINTX	100.0	99.57
Pseudomonas aeruginosa		SAMN29441849	PDT001395384.2	JANKVH010000166.1	gyrA	11903	14665	-	gyrA_T83I	Pseudomonas aeruginosa quinolone resistant GyrA	AMR	core	POINT	QUINOLONE	QUINOLONE	POINTX	100.0	99.57
Pseudomonas aeruginosa		SAMN29441824	PDT001395408.2	JANKWG010000074.1	gyrA	33202	35964	-	gyrA_T83I	Pseudomonas aeruginosa quinolone resistant GyrA	AMR	core	POINT	QUINOLONE	QUINOLONE	POINTX	100.0	99.57
Pseudomonas aeruginosa		SAMN29441823	PDT001395411.2	JANKWH010000088.1	gyrA	13178	15940	+	gyrA_T83I	Pseudomonas aeruginosa quinolone resistant GyrA	AMR	core	POINT	QUINOLONE	QUINOLONE	POINTX	100.0	99.57
Pseudomonas aeruginosa		SAMN29441819	PDT001395414.2	JANKWL010000077.1	gyrA	16711	19473	+	gyrA_T83I	Pseudomonas aeruginosa quinolone resistant GyrA	AMR	core	POINT	QUINOLONE	QUINOLONE	POINTX	100.0	99.46
Pseudomonas aeruginosa		SAMN29441812	PDT001395422.2	JANKWS010000103.1	gyrA	16713	19475	+	gyrA_T83I	Pseudomonas aeruginosa quinolone resistant GyrA	AMR	core	POINT	QUINOLONE	QUINOLONE	POINTX	100.0	99.57
Pseudomonas aeruginosa		SAMN29441808	PDT001395426.2	JANKWW010000091.1	gyrA	16711	19473	+	gyrA_T83I	Pseudomonas aeruginosa quinolone resistant GyrA	AMR	core	POINT	QUINOLONE	QUINOLONE	POINTX	100.0	99.57
Pseudomonas aeruginosa		SAMN29441798	PDT001395435.2	JANKXG010000078.1	gyrA	16711	19473	+	gyrA_T83I	Pseudomonas aeruginosa quinolone resistant GyrA	AMR	core	POINT	QUINOLONE	QUINOLONE	POINTX	100.0	99.57
Pseudomonas aeruginosa		SAMN29441782	PDT001395451.2	JANKXW010000135.1	gyrA	16711	19473	+	gyrA_T83I	Pseudomonas aeruginosa quinolone resistant GyrA	AMR	core	POINT	QUINOLONE	QUINOLONE	POINTX	100.0	99.57
Pseudomonas aeruginosa		SAMN33329571	PDT001778385.1	NZ_CP121766.1	mexZ	3001262	3001881	-	mexZ_E21SfsTer214	Pseudomonas aeruginosa aminoglycoside/cefepime/fluoroquinolone resistant MexZ	AMR	core	POINT_DISRUPT	AMINOGLYCOSIDE/BETA-LACTAM/QUINOLONE	AMINOGLYCOSIDE/CEFEPIME/FLUOROQUINOLONE	POINTX	100.0	99.51
Pseudomonas aeruginosa		SAMN33819320	PDT002145735.1	JARLNG010000005.1	parC	30579	32840	-	parC_S87L	Pseudomonas aeruginosa quinolone resistant ParC	AMR	core	POINT	QUINOLONE	QUINOLONE	POINTX	100.0	99.87
Pseudomonas aeruginosa		SAMN33819270	PDT002146212.1	JARLPE010000054.1	gyrA	26734	29496	-	gyrA_T83I	Pseudomonas aeruginosa quinolone resistant GyrA	AMR	core	POINT	QUINOLONE	QUINOLONE	POINTX	100.0	99.67
Pseudomonas aeruginosa		SAMN33819235	PDT002146244.1	JARLQN010000644.1	parE	3	1301	+	parE_A473V	Pseudomonas aeruginosa quinolone resistant ParE	AMR	core	POINT	QUINOLONE	QUINOLONE	POINTX	68.84	99.54
Pseudomonas aeruginosa	WP_012075019.1	SAMN60257159	PDT003226853.1	NZ_JBYMUP010000040.1	gyrA	47199	49964	-	gyrA_T83I	Pseudomonas aeruginosa quinolone resistant GyrA	AMR	core	POINT	QUINOLONE	QUINOLONE	POINTP	100.0	99.13
Pseudomonas aeruginosa		SAMN07291502	PDT000294806.1	NZ_PSQS01000003.1	mexZ	5074037	5074666	+	mexZ_Q69Ter	Pseudomonas aeruginosa aminoglycoside/cefepime/fluoroquinolone resistant MexZ	AMR	core	POINT	AMINOGLYCOSIDE/BETA-LACTAM/QUINOLONE	AMINOGLYCOSIDE/CEFEPIME/FLUOROQUINOLONE	POINTX	100.0	99.52
Pseudomonas aeruginosa	WP_019484695.1	SAMN17616893	PDT001116470.1	NZ_JAFFGW010000039.1	gyrA	9527	12292	-	gyrA_T83I	Pseudomonas aeruginosa quinolone resistant GyrA	AMR	core	POINT	QUINOLONE	QUINOLONE	POINTP	100.0	99.67
Pseudomonas aeruginosa		SAMN29441999	PDT001395179.2	JANKPN010000107.1	gyrA	72569	75331	-	gyrA_D87N	Pseudomonas aeruginosa quinolone resistant GyrA	AMR	core	POINT	QUINOLONE	QUINOLONE	POINTX	100.0	99.57
Pseudomonas aeruginosa		SAMN33819320	PDT002145735.1	JARLNG010000005.1	parE	34385	36271	-	parE_A473V	Pseudomonas aeruginosa quinolone resistant ParE	AMR	core	POINT	QUINOLONE	QUINOLONE	POINTX	100.0	99.68
Pseudomonas aeruginosa	HHZ7650254.1	SAMN48878878	PDT002991982.1	DBKRVR010000069.1	gyrA	9282	12053	-	gyrA_T83I	Pseudomonas aeruginosa quinolone resistant GyrA	AMR	core	POINT	QUINOLONE	QUINOLONE	POINTP	100.0	99.89
Pseudomonas aeruginosa	WP_021263545.1	SAMN03316892	PDT000050773.2	NZ_JYGC02000007.1	parC	228638	230902	-	parC_S87L	Pseudomonas aeruginosa quinolone resistant ParC	AMR	core	POINT	QUINOLONE	QUINOLONE	POINTP	100.0	99.73
Pseudomonas aeruginosa		SAMN04014941	PDT000167135.1	NZ_MPBQ01000005.1	mexZ	197973	198592	+	mexZ_R190PfsTer45	Pseudomonas aeruginosa aminoglycoside/cefepime/fluoroquinolone resistant MexZ	AMR	core	POINT_DISRUPT	AMINOGLYCOSIDE/BETA-LACTAM/QUINOLONE	AMINOGLYCOSIDE/CEFEPIME/FLUOROQUINOLONE	POINTX	100.0	100.0
Pseudomonas aeruginosa	WP_019726963.1	SAMN04014905	PDT000167138.1	NZ_MPBU01000010.1	parC	305008	307272	-	parC_S87L	Pseudomonas aeruginosa quinolone resistant ParC	AMR	core	POINT	QUINOLONE	QUINOLONE	POINTP	100.0	99.73
Pseudomonas aeruginosa	WP_012613862.1	SAMN07291498	PDT000294805.1	NZ_PSQQ01000001.1	gyrA	4406033	4408804	+	gyrA_T83I	Pseudomonas aeruginosa quinolone resistant GyrA	AMR	core	POINT	QUINOLONE	QUINOLONE	POINTP	100.0	99.89
Pseudomonas aeruginosa		SAMN07291501	PDT000294807.1	NZ_PSQR01000005.1	mexZ	3098651	3099272	+	mexZ_L154RfsTer154	Pseudomonas aeruginosa aminoglycoside/cefepime/fluoroquinolone resistant MexZ	AMR	core	POINT_DISRUPT	AMINOGLYCOSIDE/BETA-LACTAM/QUINOLONE	AMINOGLYCOSIDE/CEFEPIME/FLUOROQUINOLONE	POINTX	100.0	99.52
Pseudomonas aeruginosa	WP_014603516.1	SAMN07291550	PDT000352613.1	NZ_QMGP01000001.1	parC	3765687	3767951	-	parC_S87L	Pseudomonas aeruginosa quinolone resistant ParC	AMR	core	POINT	QUINOLONE	QUINOLONE	POINTP	100.0	99.87
Pseudomonas aeruginosa		SAMN29441999	PDT001395179.2	JANKPN010000107.1	gyrA	72569	75331	-	gyrA_T83I	Pseudomonas aeruginosa quinolone resistant GyrA	AMR	core	POINT	QUINOLONE	QUINOLONE	POINTX	100.0	99.57
Pseudomonas aeruginosa	HDQ4472380.1	SAMN29505225	PDT001677740.1	DAOEXI010000038.1	gyrA	16017	18788	-	gyrA_T83I	Pseudomonas aeruginosa quinolone resistant GyrA	AMR	core	POINT	QUINOLONE	QUINOLONE	POINTP	100.0	99.78
Pseudomonas aeruginosa	WP_019484695.1	SAMN60257155	PDT003226855.1	NZ_JBYMUL010000077.1	gyrA	9618	12383	-	gyrA_T83I	Pseudomonas aeruginosa quinolone resistant GyrA	AMR	core	POINT	QUINOLONE	QUINOLONE	POINTP	100.0	99.67
Pseudomonas aeruginosa	WP_063840321.1	SAMN60257152	PDT003226861.1	NZ_JBYMUI010000134.1	aac(6')-Ib-cr5	2495	3049	+	aac(6')-Ib-cr5	fluoroquinolone-acetylating aminoglycoside 6'-N-acetyltransferase AAC(6')-Ib-cr5	AMR	core	AMR	AMINOGLYCOSIDE/QUINOLONE	AMIKACIN/KANAMYCIN/QUINOLONE/TOBRAMYCIN	ALLELEP	100.0	100.0
Pseudomonas aeruginosa		SAMN60257150	PDT003235711.1	JBYOIU010000060.1	parC	34408	36669	-	parC_S87L	Pseudomonas aeruginosa quinolone resistant ParC	AMR	core	POINT	QUINOLONE	QUINOLONE	POINTX	100.0	99.87
Pseudomonas aeruginosa	WP_019484695.1	SAMN04014895	PDT000167137.1	NZ_MPBV01000002.1	gyrA	1396409	1399174	-	gyrA_T83I	Pseudomonas aeruginosa quinolone resistant GyrA	AMR	core	POINT	QUINOLONE	QUINOLONE	POINTP	100.0	99.67
Pseudomonas aeruginosa		SAMN07291496	PDT000292995.1	NZ_CP027172.1	mexZ	3342161	3342767	+	mexZ_L106RfsTer197	Pseudomonas aeruginosa aminoglycoside/cefepime/fluoroquinolone resistant MexZ	AMR	core	POINT_DISRUPT	AMINOGLYCOSIDE/BETA-LACTAM/QUINOLONE	AMINOGLYCOSIDE/CEFEPIME/FLUOROQUINOLONE	POINTX	100.0	96.04
Pseudomonas aeruginosa	WP_012613862.1	SAMN07291502	PDT000294806.1	NZ_PSQS01000003.1	gyrA	6650368	6653139	-	gyrA_T83I	Pseudomonas aeruginosa quinolone resistant GyrA	AMR	core	POINT	QUINOLONE	QUINOLONE	POINTP	100.0	99.89
Pseudomonas aeruginosa	WP_033940430.1	SAMN07291533	PDT000311294.1	NZ_CP029148.1	parC	5361077	5363341	-	parC_S87L	Pseudomonas aeruginosa quinolone resistant ParC	AMR	core	POINT	QUINOLONE	QUINOLONE	POINTP	100.0	99.73
Pseudomonas aeruginosa		SAMN29442028	PDT001395150.2	JANKOK010000097.1	gyrA	5666	8428	+	gyrA_D87N	Pseudomonas aeruginosa quinolone resistant GyrA	AMR	core	POINT	QUINOLONE	QUINOLONE	POINTX	100.0	99.57
Pseudomonas aeruginosa		SAMN29442021	PDT001395156.2	JANKOR010000074.1	gyrA	16711	19473	+	gyrA_D87N	Pseudomonas aeruginosa quinolone resistant GyrA	AMR	core	POINT	QUINOLONE	QUINOLONE	POINTX	100.0	99.57
Pseudomonas aeruginosa		SAMN29442022	PDT001395157.2	JANKOQ010000073.1	gyrA	16711	19473	+	gyrA_D87N	Pseudomonas aeruginosa quinolone resistant GyrA	AMR	core	POINT	QUINOLONE	QUINOLONE	POINTX	100.0	99.57
Pseudomonas aeruginosa		SAMN29442020	PDT001395158.2	JANKOS010000077.1	gyrA	16711	19473	+	gyrA_D87N	Pseudomonas aeruginosa quinolone resistant GyrA	AMR	core	POINT	QUINOLONE	QUINOLONE	POINTX	100.0	99.57
Pseudomonas aeruginosa		SAMN29441930	PDT001395246.2	JANKSE010000106.1	gyrA	33202	35964	-	gyrA_D87N	Pseudomonas aeruginosa quinolone resistant GyrA	AMR	core	POINT	QUINOLONE	QUINOLONE	POINTX	100.0	99.57
Pseudomonas aeruginosa		SAMN29441842	PDT001395391.2	JANKVO010000107.1	gyrA	15531	18293	+	gyrA_D87N	Pseudomonas aeruginosa quinolone resistant GyrA	AMR	core	POINT	QUINOLONE	QUINOLONE	POINTX	100.0	99.57
Pseudomonas aeruginosa		SAMN29441815	PDT001395417.2	JANKWP010000089.1	gyrA	16712	19474	+	gyrA_D87N	Pseudomonas aeruginosa quinolone resistant GyrA	AMR	core	POINT	QUINOLONE	QUINOLONE	POINTX	100.0	99.46
Pseudomonas aeruginosa		SAMN29441790	PDT001395443.2	JANKXO010000093.1	gyrA	26539	29301	-	gyrA_D87N	Pseudomonas aeruginosa quinolone resistant GyrA	AMR	core	POINT	QUINOLONE	QUINOLONE	POINTX	100.0	99.57
Pseudomonas aeruginosa	WP_033940430.1	SAMN36409446	PDT001823069.1	NZ_JAUKUE010000065.1	parC	17443	19707	-	parC_S87L	Pseudomonas aeruginosa quinolone resistant ParC	AMR	core	POINT	QUINOLONE	QUINOLONE	POINTP	100.0	99.73
Pseudomonas aeruginosa	WP_019484695.1	SAMN60257163	PDT003226847.1	NZ_JBYMUT010000079.1	gyrA	9618	12383	-	gyrA_T83I	Pseudomonas aeruginosa quinolone resistant GyrA	AMR	core	POINT	QUINOLONE	QUINOLONE	POINTP	100.0	99.67
Pseudomonas aeruginosa	WP_012613862.1	SAMN07291497	PDT000292994.1	NZ_CP027171.1	gyrA	6599518	6602289	+	gyrA_T83I	Pseudomonas aeruginosa quinolone resistant GyrA	AMR	core	POINT	QUINOLONE	QUINOLONE	POINTP	100.0	99.89
Pseudomonas aeruginosa	WP_034021553.1	SAMN07291501	PDT000294807.1	NZ_PSQR01000005.1	gyrA	4773581	4776358	-	gyrA_D87N	Pseudomonas aeruginosa quinolone resistant GyrA	AMR	core	POINT	QUINOLONE	QUINOLONE	POINTP	100.0	99.68
Pseudomonas aeruginosa		SAMN29442028	PDT001395150.2	JANKOK010000097.1	gyrA	5666	8428	+	gyrA_T83I	Pseudomonas aeruginosa quinolone resistant GyrA	AMR	core	POINT	QUINOLONE	QUINOLONE	POINTX	100.0	99.57
Pseudomonas aeruginosa		SAMN29442023	PDT001395155.2	JANKOP010000072.1	gyrA	72571	75333	-	gyrA_D87N	Pseudomonas aeruginosa quinolone resistant GyrA	AMR	core	POINT	QUINOLONE	QUINOLONE	POINTX	100.0	99.57
Pseudomonas aeruginosa		SAMN29442021	PDT001395156.2	JANKOR010000074.1	gyrA	16711	19473	+	gyrA_T83I	Pseudomonas aeruginosa quinolone resistant GyrA	AMR	core	POINT	QUINOLONE	QUINOLONE	POINTX	100.0	99.57
Pseudomonas aeruginosa		SAMN29442022	PDT001395157.2	JANKOQ010000073.1	gyrA	16711	19473	+	gyrA_T83I	Pseudomonas aeruginosa quinolone resistant GyrA	AMR	core	POINT	QUINOLONE	QUINOLONE	POINTX	100.0	99.57
Pseudomonas aeruginosa		SAMN29442020	PDT001395158.2	JANKOS010000077.1	gyrA	16711	19473	+	gyrA_T83I	Pseudomonas aeruginosa quinolone resistant GyrA	AMR	core	POINT	QUINOLONE	QUINOLONE	POINTX	100.0	99.57
Pseudomonas aeruginosa		SAMN29442010	PDT001395166.2	JANKPC010000121.1	gyrA	16711	19473	+	gyrA_D87N	Pseudomonas aeruginosa quinolone resistant GyrA	AMR	core	POINT	QUINOLONE	QUINOLONE	POINTX	100.0	99.57
Pseudomonas aeruginosa		SAMN29441954	PDT001395227.2	JANKRG010000160.1	gyrA	12687	15449	-	gyrA_D87N	Pseudomonas aeruginosa quinolone resistant GyrA	AMR	core	POINT	QUINOLONE	QUINOLONE	POINTX	100.0	99.57
Pseudomonas aeruginosa		SAMN29441930	PDT001395246.2	JANKSE010000106.1	gyrA	33202	35964	-	gyrA_T83I	Pseudomonas aeruginosa quinolone resistant GyrA	AMR	core	POINT	QUINOLONE	QUINOLONE	POINTX	100.0	99.57
Pseudomonas aeruginosa		SAMN29441852	PDT001395381.2	JANKVE010000096.1	gyrA	72278	75040	-	gyrA_D87N	Pseudomonas aeruginosa quinolone resistant GyrA	AMR	core	POINT	QUINOLONE	QUINOLONE	POINTX	100.0	99.57
Pseudomonas aeruginosa		SAMN29441842	PDT001395391.2	JANKVO010000107.1	gyrA	15531	18293	+	gyrA_T83I	Pseudomonas aeruginosa quinolone resistant GyrA	AMR	core	POINT	QUINOLONE	QUINOLONE	POINTX	100.0	99.57
Pseudomonas aeruginosa		SAMN29441841	PDT001395394.2	JANKVP010000107.1	gyrA	16711	19473	+	gyrA_D87N	Pseudomonas aeruginosa quinolone resistant GyrA	AMR	core	POINT	QUINOLONE	QUINOLONE	POINTX	100.0	99.57
Pseudomonas aeruginosa		SAMN29441815	PDT001395417.2	JANKWP010000089.1	gyrA	16712	19474	+	gyrA_T83I	Pseudomonas aeruginosa quinolone resistant GyrA	AMR	core	POINT	QUINOLONE	QUINOLONE	POINTX	100.0	99.46
Pseudomonas aeruginosa		SAMN29441796	PDT001395436.2	JANKXI010000089.1	gyrA	16710	19472	+	gyrA_D87N	Pseudomonas aeruginosa quinolone resistant GyrA	AMR	core	POINT	QUINOLONE	QUINOLONE	POINTX	100.0	99.57
Pseudomonas aeruginosa		SAMN29441790	PDT001395443.2	JANKXO010000093.1	gyrA	26539	29301	-	gyrA_T83I	Pseudomonas aeruginosa quinolone resistant GyrA	AMR	core	POINT	QUINOLONE	QUINOLONE	POINTX	100.0	99.57
Pseudomonas aeruginosa	WP_023435673.1	SAMN33329571	PDT001778385.1	NZ_CP121766.1	parC	5503201	5505465	-	parC_S87L	Pseudomonas aeruginosa quinolone resistant ParC	AMR	core	POINT	QUINOLONE	QUINOLONE	POINTP	100.0	99.73
Pseudomonas aeruginosa	WP_014603516.1	SAMN40277792	PDT002110214.1	NZ_JBAWUA010000051.1	parC	28026	30290	+	parC_S87L	Pseudomonas aeruginosa quinolone resistant ParC	AMR	core	POINT	QUINOLONE	QUINOLONE	POINTP	100.0	99.87
Pseudomonas aeruginosa		SAMN07291532	PDT000311293.1	NZ_CP029097.1	mexZ	3454908	3455545	+	mexZ_F92AfsTer149	Pseudomonas aeruginosa aminoglycoside/cefepime/fluoroquinolone resistant MexZ	AMR	core	POINT_DISRUPT	AMINOGLYCOSIDE/BETA-LACTAM/QUINOLONE	AMINOGLYCOSIDE/CEFEPIME/FLUOROQUINOLONE	POINTX	100.0	100.0
Pseudomonas aeruginosa		SAMN29442023	PDT001395155.2	JANKOP010000072.1	gyrA	72571	75333	-	gyrA_T83I	Pseudomonas aeruginosa quinolone resistant GyrA	AMR	core	POINT	QUINOLONE	QUINOLONE	POINTX	100.0	99.57
Pseudomonas aeruginosa		SAMN29442010	PDT001395166.2	JANKPC010000121.1	gyrA	16711	19473	+	gyrA_T83I	Pseudomonas aeruginosa quinolone resistant GyrA	AMR	core	POINT	QUINOLONE	QUINOLONE	POINTX	100.0	99.57
Pseudomonas aeruginosa		SAMN29441954	PDT001395227.2	JANKRG010000160.1	gyrA	12687	15449	-	gyrA_T83I	Pseudomonas aeruginosa quinolone resistant GyrA	AMR	core	POINT	QUINOLONE	QUINOLONE	POINTX	100.0	99.57
Pseudomonas aeruginosa		SAMN29441852	PDT001395381.2	JANKVE010000096.1	gyrA	72278	75040	-	gyrA_T83I	Pseudomonas aeruginosa quinolone resistant GyrA	AMR	core	POINT	QUINOLONE	QUINOLONE	POINTX	100.0	99.57
Pseudomonas aeruginosa		SAMN29441841	PDT001395394.2	JANKVP010000107.1	gyrA	16711	19473	+	gyrA_T83I	Pseudomonas aeruginosa quinolone resistant GyrA	AMR	core	POINT	QUINOLONE	QUINOLONE	POINTX	100.0	99.57
Pseudomonas aeruginosa		SAMN29441796	PDT001395436.2	JANKXI010000089.1	gyrA	16710	19472	+	gyrA_T83I	Pseudomonas aeruginosa quinolone resistant GyrA	AMR	core	POINT	QUINOLONE	QUINOLONE	POINTX	100.0	99.57
Pseudomonas aeruginosa	WP_012613862.1	SAMN40277792	PDT002110214.1	NZ_JBAWUA010000058.1	gyrA	10135	12906	+	gyrA_T83I	Pseudomonas aeruginosa quinolone resistant GyrA	AMR	core	POINT	QUINOLONE	QUINOLONE	POINTP	100.0	99.89
Pseudomonas aeruginosa	WP_012613862.1	SAMN04014933	PDT000167133.1	NZ_MPBS01000001.1	gyrA	6122646	6125417	+	gyrA_T83I	Pseudomonas aeruginosa quinolone resistant GyrA	AMR	core	POINT	QUINOLONE	QUINOLONE	POINTP	100.0	99.89
Pseudomonas aeruginosa	EIU7095767.1	SAMN06311514	PDT000186894.2	ABEVIY010000026.1	gyrA	57607	60378	-	gyrA_T83I	Pseudomonas aeruginosa quinolone resistant GyrA	AMR	core	POINT	QUINOLONE	QUINOLONE	POINTP	100.0	99.89
Pseudomonas aeruginosa	WP_014603516.1	SAMN04901631	PDT000352616.1	NZ_QMGI01000002.1	parC	5571738	5574002	+	parC_S87L	Pseudomonas aeruginosa quinolone resistant ParC	AMR	core	POINT	QUINOLONE	QUINOLONE	POINTP	100.0	99.87
Pseudomonas aeruginosa	WP_012613862.1	SAMN09788328	PDT000424953.1	NZ_RXTK01000059.1	gyrA	12855	15626	-	gyrA_T83I	Pseudomonas aeruginosa quinolone resistant GyrA	AMR	core	POINT	QUINOLONE	QUINOLONE	POINTP	100.0	99.89
Pseudomonas aeruginosa	WP_014603516.1	SAMN04014895	PDT000167137.1	NZ_MPBV01000004.1	parC	1462738	1465002	-	parC_S87L	Pseudomonas aeruginosa quinolone resistant ParC	AMR	core	POINT	QUINOLONE	QUINOLONE	POINTP	100.0	99.87
Pseudomonas aeruginosa	WP_012613862.1	SAMN07291532	PDT000311293.1	NZ_CP029097.1	gyrA	5239239	5242010	-	gyrA_T83I	Pseudomonas aeruginosa quinolone resistant GyrA	AMR	core	POINT	QUINOLONE	QUINOLONE	POINTP	100.0	99.89
Pseudomonas aeruginosa		SAMN33819318	PDT002145736.1	JARLNI010000048.1	parC	30579	32840	-	parC_S87L	Pseudomonas aeruginosa quinolone resistant ParC	AMR	core	POINT	QUINOLONE	QUINOLONE	POINTX	100.0	99.87
Pseudomonas aeruginosa	EPM3502240.1	SAMN50502207	PDT002875159.1	ACAFJB010000149.1	qnrVC1	2913	3569	-	qnrVC1	quinolone resistance pentapeptide repeat protein QnrVC1	AMR	core	AMR	QUINOLONE	QUINOLONE	ALLELEP	100.0	100.0
Pseudomonas aeruginosa	WP_003158825.1	SAMN07291550	PDT000352613.1	NZ_QMGP01000001.1	gyrA	6496628	6499399	+	gyrA_D87N	Pseudomonas aeruginosa quinolone resistant GyrA	AMR	core	POINT	QUINOLONE	QUINOLONE	POINTP	100.0	99.78
Pseudomonas aeruginosa		SAMN33819318	PDT002145736.1	JARLNI010000048.1	parE	34385	36271	-	parE_A473V	Pseudomonas aeruginosa quinolone resistant ParE	AMR	core	POINT	QUINOLONE	QUINOLONE	POINTX	100.0	99.68
Pseudomonas aeruginosa	WP_000415714.1	SAMN60257152	PDT003226861.1	NZ_JBYMUI010000164.1	qnrVC1	534	1190	+	qnrVC1	quinolone resistance pentapeptide repeat protein QnrVC1	AMR	core	AMR	QUINOLONE	QUINOLONE	ALLELEP	100.0	100.0
Pseudomonas aeruginosa	WP_003158825.1	SAMN07291550	PDT000352613.1	NZ_QMGP01000001.1	gyrA	6496628	6499399	+	gyrA_T83I	Pseudomonas aeruginosa quinolone resistant GyrA	AMR	core	POINT	QUINOLONE	QUINOLONE	POINTP	100.0	99.78
Pseudomonas aeruginosa	WP_033943478.1	SAMN04014952	PDT000380983.1	NZ_CP032257.1	gyrA	5390511	5393282	+	gyrA_T83I	Pseudomonas aeruginosa quinolone resistant GyrA	AMR	core	POINT	QUINOLONE	QUINOLONE	POINTP	100.0	99.78
Pseudomonas aeruginosa		SAMN33819318	PDT002145736.1	JARLNI010000050.1	gyrA	33626	36388	-	gyrA_T83I	Pseudomonas aeruginosa quinolone resistant GyrA	AMR	core	POINT	QUINOLONE	QUINOLONE	POINTX	100.0	99.67
Pseudomonas aeruginosa		SAMN60257159	PDT003226853.1	NZ_JBYMUP010000068.1	mexZ	25809	26424	+	mexZ_S116AfsTer190	Pseudomonas aeruginosa aminoglycoside/cefepime/fluoroquinolone resistant MexZ	AMR	core	POINT_DISRUPT	AMINOGLYCOSIDE/BETA-LACTAM/QUINOLONE	AMINOGLYCOSIDE/CEFEPIME/FLUOROQUINOLONE	POINTX	100.0	100.0
Pseudomonas aeruginosa	WP_014603516.1	SAMN07291538	PDT000311291.1	NZ_CP029088.1	parC	6372728	6374992	-	parC_S87L	Pseudomonas aeruginosa quinolone resistant ParC	AMR	core	POINT	QUINOLONE	QUINOLONE	POINTP	100.0	99.87
Pseudomonas aeruginosa	WP_435967432.1	SAMN60257154	PDT003226856.1	NZ_JBYMUK010000114.1	gyrA	4521	7286	+	gyrA_D87N	Pseudomonas aeruginosa quinolone resistant GyrA	AMR	core	POINT	QUINOLONE	QUINOLONE	POINTP	100.0	99.46
Pseudomonas aeruginosa	WP_435967432.1	SAMN60257154	PDT003226856.1	NZ_JBYMUK010000114.1	gyrA	4521	7286	+	gyrA_T83I	Pseudomonas aeruginosa quinolone resistant GyrA	AMR	core	POINT	QUINOLONE	QUINOLONE	POINTP	100.0	99.46
Pseudomonas aeruginosa	WP_019484695.1	SAMN04014944	PDT000167132.1	NZ_MPBP01000002.1	gyrA	129267	132032	-	gyrA_T83I	Pseudomonas aeruginosa quinolone resistant GyrA	AMR	core	POINT	QUINOLONE	QUINOLONE	POINTP	100.0	99.67
Pseudomonas aeruginosa	WP_012613862.1	SAMN07291536	PDT000311295.1	NZ_CP029147.1	gyrA	5576747	5579518	+	gyrA_T83I	Pseudomonas aeruginosa quinolone resistant GyrA	AMR	core	POINT	QUINOLONE	QUINOLONE	POINTP	100.0	99.89
Pseudomonas aeruginosa		SAMN07291500	PDT000292998.1	NZ_CP027166.1	mexZ	5145948	5146566	+	mexZ_I170PfsTer137	Pseudomonas aeruginosa aminoglycoside/cefepime/fluoroquinolone resistant MexZ	AMR	core	POINT_DISRUPT	AMINOGLYCOSIDE/BETA-LACTAM/QUINOLONE	AMINOGLYCOSIDE/CEFEPIME/FLUOROQUINOLONE	POINTX	100.0	100.0
Pseudomonas aeruginosa	WP_014603516.1	SAMN04014949	PDT000167140.1	NZ_MPBN01000001.1	parC	6619231	6621495	+	parC_S87L	Pseudomonas aeruginosa quinolone resistant ParC	AMR	core	POINT	QUINOLONE	QUINOLONE	POINTP	100.0	99.87
Pseudomonas aeruginosa	WP_012613862.1	SAMN07291496	PDT000292995.1	NZ_CP027172.1	gyrA	5210430	5213201	-	gyrA_T83I	Pseudomonas aeruginosa quinolone resistant GyrA	AMR	core	POINT	QUINOLONE	QUINOLONE	POINTP	100.0	99.89
Pseudomonas aeruginosa	WP_000415714.1	SAMN36409445	PDT001823068.1	NZ_JAUKUF010000165.1	qnrVC1	1613	2269	-	qnrVC1	quinolone resistance pentapeptide repeat protein QnrVC1	AMR	core	AMR	QUINOLONE	QUINOLONE	ALLELEP	100.0	100.0
Pseudomonas aeruginosa	WP_000415714.1	SAMN36409446	PDT001823069.1	NZ_JAUKUE010000171.1	qnrVC1	1613	2269	-	qnrVC1	quinolone resistance pentapeptide repeat protein QnrVC1	AMR	core	AMR	QUINOLONE	QUINOLONE	ALLELEP	100.0	100.0
Pseudomonas aeruginosa		SAMN29505225	PDT001677740.1	DAOEXI010000120.1	mexZ	15889	16519	-	mexZ_T32NfsTer279	Pseudomonas aeruginosa aminoglycoside/cefepime/fluoroquinolone resistant MexZ	AMR	core	POINT_DISRUPT	AMINOGLYCOSIDE/BETA-LACTAM/QUINOLONE	AMINOGLYCOSIDE/CEFEPIME/FLUOROQUINOLONE	POINTX	100.0	99.52
Pseudomonas aeruginosa	WP_012613862.1	SAMN07291500	PDT000292998.1	NZ_CP027166.1	gyrA	6775131	6777902	-	gyrA_T83I	Pseudomonas aeruginosa quinolone resistant GyrA	AMR	core	POINT	QUINOLONE	QUINOLONE	POINTP	100.0	99.89
Pseudomonas aeruginosa	EPM3502444.1	SAMN50502207	PDT002875159.1	ACAFJB010000215.1	qnrVC1	254	910	+	qnrVC1	quinolone resistance pentapeptide repeat protein QnrVC1	AMR	core	AMR	QUINOLONE	QUINOLONE	ALLELEP	100.0	100.0
